,Mcg, Gvh, Alm, Mit, Erl, Pox, Vac, Nuc,y
1,0.58,0.61,0.47,0.13,0.5,0,0.48,0.22,0
2,0.43,0.67,0.48,0.27,0.5,0,0.53,0.22,0
3,0.64,0.62,0.49,0.15,0.5,0,0.53,0.22,0
4,0.58,0.44,0.57,0.13,0.5,0,0.54,0.22,1
5,0.42,0.44,0.48,0.54,0.5,0,0.48,0.22,0
6,0.51,0.4,0.56,0.17,0.5,0.5,0.49,0.22,0
7,0.5,0.54,0.48,0.65,0.5,0,0.53,0.22,0
8,0.48,0.45,0.59,0.2,0.5,0,0.58,0.34,1
9,0.55,0.5,0.66,0.36,0.5,0,0.49,0.22,0
10,0.4,0.39,0.6,0.15,0.5,0,0.58,0.3,0
11,0.43,0.39,0.54,0.21,0.5,0,0.53,0.27,1
12,0.42,0.37,0.59,0.2,0.5,0,0.52,0.29,1
13,0.4,0.42,0.57,0.35,0.5,0,0.53,0.25,0
14,0.6,0.4,0.52,0.46,0.5,0,0.53,0.22,0
15,0.66,0.55,0.45,0.19,0.5,0,0.46,0.22,0
16,0.46,0.44,0.52,0.11,0.5,0,0.5,0.22,0
17,0.47,0.39,0.5,0.11,0.5,0,0.49,0.4,0
18,0.58,0.47,0.54,0.11,0.5,0,0.51,0.26,1
19,0.5,0.34,0.55,0.21,0.5,0,0.49,0.22,1
20,0.61,0.6,0.55,0.21,0.5,0,0.5,0.25,1
21,0.45,0.4,0.5,0.16,0.5,0,0.5,0.22,0
22,0.43,0.44,0.48,0.22,0.5,0,0.51,0.22,0
23,0.73,0.63,0.42,0.3,0.5,0,0.49,0.22,0
24,0.43,0.53,0.52,0.13,0.5,0,0.55,0.22,0
25,0.46,0.53,0.52,0.15,0.5,0,0.58,0.22,0
26,0.51,0.51,0.52,0.51,0.5,0,0.54,0.22,0
27,0.59,0.45,0.53,0.19,0.5,0,0.59,0.27,0
28,0.57,0.47,0.6,0.18,0.5,0,0.51,0.22,0
29,0.63,0.67,0.57,0.24,0.5,0,0.49,0.22,0
30,0.8,0.88,0.36,0.39,0.5,0,0.56,0.33,0
31,0.53,0.54,0.43,0.1,0.5,0,0.57,0.32,1
32,0.51,0.51,0.43,0.87,0.5,0,0.52,0.22,0
33,0.38,0.61,0.61,0.12,0.5,0,0.53,0.47,0
34,0.33,0.55,0.51,0.43,0.5,0,0.51,0.22,1
35,0.78,0.74,0.42,0.26,0.5,0,0.43,0.22,0
36,0.74,0.67,0.47,0.34,0.5,0,0.42,0.22,0
37,0.72,0.61,0.45,0.3,0.5,0,0.54,0.25,0
38,0.4,0.45,0.57,0.18,0.5,0,0.56,0.26,0
39,0.59,0.53,0.43,0.44,0.5,0,0.5,0.22,0
40,0.57,0.53,0.53,0.34,0.5,0,0.53,0.22,0
41,0.86,0.68,0.39,0.24,0.5,0,0.54,0.22,0
42,0.86,0.74,0.51,0.4,0.5,0,0.55,0.22,0
43,0.79,0.57,0.41,0.28,0.5,0,0.59,0.22,0
44,0.41,0.54,0.39,0.2,0.5,0,0.51,0.22,0
45,0.37,0.36,0.56,0.18,0.5,0,0.48,0.26,0
46,0.53,0.31,0.58,0.39,0.5,0,0.47,0.37,1
47,0.74,0.75,0.58,0.47,0.5,0,0.4,0.35,0
48,0.49,0.39,0.52,0.29,0.5,0,0.48,0.22,0
49,0.74,0.57,0.51,0.28,0.5,0,0.58,0.22,0
50,0.42,0.24,0.34,0.16,0.5,0,0.5,0.22,0
51,0.48,0.39,0.51,0.21,0.5,0,0.52,0.28,0
52,0.41,0.53,0.45,0.14,0.5,0,0.52,0.66,0
53,0.45,0.46,0.55,0.43,0.5,0,0.55,0.38,1
54,0.56,0.48,0.58,0.27,0.5,0,0.51,0.22,0
55,0.64,0.59,0.56,0.23,0.5,0,0.46,0.22,0
56,0.64,0.56,0.56,0.22,0.5,0,0.45,0.22,0
57,0.66,0.62,0.49,0.1,0.5,0,0.49,0.22,0
58,0.53,0.44,0.51,0.33,0.5,0,0.55,0.22,0
59,0.38,0.49,0.53,0.19,0.5,0,0.5,0.22,0
60,0.45,0.58,0.48,0.67,0.5,0,0.52,0.22,0
61,0.43,0.35,0.52,0.52,0.5,0,0.54,0.22,0
62,0.37,0.32,0.47,0.18,0.5,0,0.45,0.25,1
63,0.48,0.43,0.51,0.32,0.5,0,0.52,0.43,1
64,0.41,0.46,0.59,0.19,0.5,0,0.58,0.27,1
65,0.54,0.48,0.44,0.08,0.5,0,0.52,0.27,0
66,0.6,0.47,0.45,0.22,0.5,0,0.51,0.29,0
67,0.34,0.46,0.57,0.09,0.5,0,0.55,0.22,0
68,0.48,0.54,0.55,0.12,0.5,0,0.51,0.22,0
69,0.47,0.39,0.59,0.15,0.5,0,0.57,0.22,0
70,0.81,0.85,0.47,0.37,0.5,0,0.56,0.22,0
71,0.48,0.42,0.52,0.24,0.5,0,0.56,0.22,0
72,0.58,0.51,0.49,0.27,0.5,0,0.57,0.29,0
73,0.6,0.5,0.44,0.61,0.5,0,0.47,0.22,0
74,0.45,0.55,0.54,0.66,0.5,0,0.47,0.22,0
75,0.46,0.49,0.58,0.23,0.5,0,0.44,0.22,0
76,0.49,0.42,0.56,0.55,0.5,0,0.42,0.25,0
77,0.63,0.53,0.54,0.4,0.5,0,0.5,0.22,0
78,0.5,0.54,0.53,0.54,0.5,0,0.51,0.27,0
79,0.63,0.57,0.59,0.4,0.5,0,0.38,0.22,0
80,0.43,0.57,0.51,0.49,0.5,0,0.48,0.22,0
81,0.48,0.45,0.55,0.5,0.5,0,0.53,0.22,0
82,0.5,0.58,0.46,0.46,0.5,0,0.46,0.22,0
83,0.51,0.54,0.6,0.57,0.5,0,0.58,0.22,0
84,0.54,0.52,0.63,0.37,0.5,0,0.46,0.22,0
85,0.67,0.62,0.4,0.43,0.5,0.83,0.5,0.22,0
86,0.28,0.58,0.21,0.13,0.5,0,0.51,0.22,0
87,0.39,0.44,0.35,0.16,0.5,0,0.55,0.22,0
88,0.8,0.63,0.45,0.29,0.5,0,0.51,0.22,0
89,0.5,0.52,0.59,0.3,0.5,0,0.51,0.35,1
90,0.42,0.47,0.52,0.41,0.5,0,0.53,0.32,0
91,0.36,0.46,0.62,0.46,0.5,0,0.51,0.33,0
92,0.46,0.38,0.47,0.22,0.5,0,0.52,0.27,0
93,0.4,0.45,0.56,0.2,0.5,0,0.45,0.22,0
94,0.33,0.43,0.64,0.16,0.5,0,0.52,0.52,1
95,0.49,0.61,0.49,0.25,0.5,0,0.5,0.28,0
96,0.38,0.5,0.37,0.26,0.5,0,0.43,0.22,0
97,0.69,0.7,0.52,0.36,0.5,0,0.46,0.22,0
98,0.61,0.72,0.39,0.33,0.5,0,0.58,0.22,0
99,0.78,0.75,0.4,0.28,0.5,0,0.53,0.22,0
100,0.64,0.57,0.57,0.27,0.5,0,0.37,0.22,0
101,0.36,0.58,0.35,0.24,0.5,0,0.44,0.22,0
102,0.36,0.43,0.39,0.12,0.5,0,0.49,0.22,0
103,0.47,0.52,0.5,0.4,0.5,0,0.41,0.22,0
104,0.48,0.23,0.57,0.27,0.5,0,0.48,0.47,1
105,0.47,0.39,0.55,0.24,0.5,0,0.47,0.22,0
106,0.44,0.59,0.36,0.16,0.5,0,0.52,0.22,0
107,0.42,0.35,0.54,0.18,0.5,0,0.56,0.22,0
108,0.3,0.56,0.55,0.18,0.5,0,0.5,0.22,0
109,0.65,0.65,0.52,0.16,0.5,0,0.6,0.22,0
110,0.27,0.6,0.48,0.23,0.5,0,0.55,0.22,0
111,0.45,0.41,0.5,0.46,0.5,0.5,0.5,0.27,0
112,0.44,0.52,0.41,0.23,0.5,0,0.51,0.22,1
113,0.3,0.32,0.57,0.19,0.5,0,0.48,0.55,1
114,0.4,0.44,0.49,0.47,0.5,0,0.49,0.27,1
115,0.45,0.51,0.5,0.16,0.5,0,0.52,1,1
116,0.45,0.45,0.5,0.6,0.5,0,0.49,0.22,0
117,0.59,0.67,0.56,0.41,0.5,0,0.47,0.22,0
118,0.47,0.47,0.57,0.48,0.5,0,0.48,0.22,0
119,0.35,0.52,0.48,0.22,0.5,0,0.26,0.22,0
120,0.47,0.41,0.66,0.26,0.5,0,0.53,0.22,0
121,0.64,0.62,0.29,0.28,0.5,0,0.51,0.22,0
122,0.55,0.53,0.55,0.46,0.5,0,0.52,0.22,0
123,0.67,0.62,0.54,0.43,0.5,0,0.53,0.22,0
124,0.59,0.6,0.49,0.43,0.5,0,0.53,0.31,0
125,0.54,0.55,0.34,0.31,0.5,0,0.54,0.22,0
126,0.58,0.62,0.54,0.17,0.5,0,0.48,0.22,0
127,0.4,0.38,0.53,0.16,0.5,0,0.52,0.27,1
128,0.46,0.71,0.48,0.53,0.5,0,0.53,0.22,0
129,0.53,0.51,0.55,0.05,0.5,0,0.45,0.25,1
130,0.41,0.4,0.59,0.47,0.5,0,0.48,0.43,0
131,0.5,0.64,0.57,0.15,0.5,0,0.47,0.22,0
132,0.4,0.62,0.52,0.31,0.5,0,0.49,0.31,0
133,0.6,0.5,0.57,0.25,0.5,0,0.41,0.26,0
134,0.62,0.51,0.52,0.42,0.5,0,0.54,0.27,1
135,0.35,0.58,0.54,0.16,0.5,0,0.51,0.22,1
136,0.34,0.54,0.5,0.21,0.5,0,0.54,0.31,0
137,0.39,0.58,0.5,0.26,0.5,0,0.54,0.59,0
138,0.48,0.54,0.5,0.17,0.5,0,0.53,0.22,1
139,0.29,0.32,0.58,0.15,0.5,0,0.5,0.3,0
140,0.47,0.32,0.64,0.3,0.5,0,0.63,0.22,1
141,0.39,0.47,0.56,0.16,0.5,0,0.47,0.22,0
142,0.58,0.48,0.51,0.47,0.5,0,0.55,0.22,1
143,0.64,0.6,0.57,0.19,0.5,0,0.43,0.22,1
144,0.37,0.46,0.4,0.27,0.5,0,0.45,0.22,1
145,0.43,0.57,0.53,0.16,0.5,0,0.54,0.22,0
146,0.28,0.37,0.61,0.09,0.5,0,0.52,0.55,1
147,0.59,0.48,0.5,0.14,0.5,0,0.45,0.25,0
148,0.39,0.55,0.48,0.31,0.5,0,0.54,0.29,0
149,0.26,0.36,0.47,0.34,0.5,0,0.53,0.72,1
150,0.51,0.34,0.5,0.19,0.5,0,0.5,0.22,1
151,0.58,0.5,0.5,0.12,0.5,0,0.48,0.25,1
152,0.44,0.39,0.53,0.14,0.5,0,0.54,0.44,0
153,0.41,0.39,0.44,0.34,0.5,0,0.48,0.4,1
154,0.45,0.43,0.51,0.24,0.5,0,0.54,0.33,0
155,0.36,0.68,0.46,0.16,0.5,0,0.53,0.28,1
156,0.42,0.31,0.5,0.15,0.5,0,0.53,0.22,1
157,0.42,0.43,0.56,0.1,0.5,0,0.49,0.22,0
158,0.67,0.71,0.52,0.65,0.5,0,0.53,0.36,1
159,0.49,0.47,0.53,0.16,0.5,0,0.48,0.27,1
160,0.71,0.59,0.48,0.43,0.5,0,0.59,0.22,0
161,0.4,0.42,0.71,0.21,0.5,0,0.54,0.32,0
162,0.4,0.42,0.71,0.21,0.5,0,0.54,0.32,0
163,0.54,0.49,0.49,0.2,0.5,0,0.52,0.22,0
164,0.42,0.51,0.5,0.12,0.5,0,0.52,0.46,1
165,0.57,0.51,0.53,0.18,0.5,0,0.56,0.25,1
166,0.35,0.45,0.43,0.11,0.5,0,0.56,0.22,0
167,0.42,0.42,0.42,0.2,0.5,0,0.49,0.22,0
168,0.26,0.5,0.33,0.28,0.5,0,0.51,0.22,0
169,0.39,0.42,0.38,0.4,0.5,0,0.49,0.47,0
170,0.26,0.44,0.3,0.11,0.5,0,0.51,0.47,0
171,0.31,0.44,0.53,0.23,0.5,0,0.51,0.32,1
172,0.48,0.61,0.44,0.2,0.5,0,0.47,0.22,0
173,0.66,0.45,0.5,0.23,0.5,0,0.49,0.22,0
174,0.21,0.41,0.55,0.11,0.5,0,0.5,0.27,0
175,0.38,0.68,0.44,0.45,0.5,0,0.53,0.22,0
176,0.44,0.38,0.48,0.32,0.5,0.83,0.53,0.22,0
177,0.31,0.31,0.56,0.33,0.5,0,0.52,0.33,1
178,0.49,0.31,0.49,0.35,0.5,0,0.51,0.29,1
179,0.38,0.37,0.56,0.21,0.5,0,0.49,0.22,1
180,0.39,0.4,0.53,0.67,0.5,0,0.47,0.22,0
181,0.24,0.34,0.69,0.18,0.5,0,0.52,0.22,0
182,0.49,0.43,0.51,0.13,0.5,0,0.47,0.22,0
183,0.54,0.38,0.52,0.18,0.5,0,0.48,0.22,0
184,0.43,0.57,0.53,0.53,0.5,0,0.53,0.25,0
185,0.48,0.64,0.61,0.23,0.5,0,0.6,0.22,0
186,0.31,0.55,0.52,0.17,0.5,0,0.52,0.22,0
187,0.32,0.57,0.5,0.15,0.5,0,0.53,0.22,0
188,0.32,0.42,0.52,0.24,0.5,0,0.6,0.22,0
189,0.59,0.5,0.52,0.28,0.5,0,0.55,0.25,0
190,0.37,0.42,0.51,0.11,0.5,0,0.57,0.22,0
191,0.75,0.7,0.38,0.27,0.5,0,0.49,0.22,0
192,0.61,0.72,0.31,0.33,0.5,0,0.56,0.22,0
193,0.44,0.42,0.6,0.21,0.5,0,0.57,0.22,0
194,0.52,0.51,0.51,0.54,0.5,0,0.55,0.27,0
195,0.63,0.56,0.45,0.58,0.5,0,0.51,0.22,0
196,0.52,0.56,0.54,0.53,0.5,0,0.45,0.22,0
197,0.58,0.58,0.58,0.49,0.5,0,0.49,0.26,0
198,0.72,0.62,0.34,0.29,0.5,0,0.56,0.28,0
199,0.72,0.61,0.37,0.3,0.5,0,0.57,0.22,0
200,0.46,0.43,0.38,0.33,0.5,0,0.48,0.28,0
201,0.57,0.57,0.44,0.37,0.5,0,0.52,0.25,0
202,0.42,0.31,0.62,0.12,0.5,0,0.4,0.22,0
203,0.49,0.46,0.45,0.45,0.5,0,0.52,0.22,0
204,0.42,0.58,0.41,0.65,0.5,0,0.46,0.26,0
205,0.59,0.61,0.34,0.22,0.5,0,0.51,0.22,0
206,0.52,0.77,0.38,0.34,0.5,0,0.51,0.22,0
207,0.5,0.52,0.6,0.51,0.5,0,0.48,0.22,0
208,0.49,0.6,0.43,0.56,0.5,0,0.36,0.22,0
209,0.5,0.41,0.44,0.5,0.5,0,0.42,0.22,0
210,0.5,0.4,0.56,0.7,0.5,0,0.5,0.22,0
211,0.37,0.58,0.44,0.51,0.5,0,0.44,0.22,0
212,0.55,0.45,0.45,0.54,0.5,0,0.5,0.22,0
213,0.67,0.68,0.46,0.29,0.5,0,0.46,0.22,0
214,0.53,0.51,0.46,0.28,0.5,0,0.48,0.22,0
215,0.35,0.66,0.49,0.21,0.5,0,0.54,0.25,0
216,0.52,0.4,0.6,0.12,0.5,0,0.55,0.22,0
217,0.77,0.79,0.58,0.23,0.5,0,0.48,0.22,0
218,0.47,0.46,0.59,0.49,0.5,0,0.56,0.22,0
219,0.73,0.83,0.43,0.3,0.5,0,0.55,0.22,0
220,0.78,0.74,0.58,0.25,1,0,0.53,0.22,0
221,0.7,0.65,0.54,0.28,0.5,0,0.6,0.4,0
222,0.47,0.54,0.37,0.14,0.5,0,0.5,0.22,0
223,0.56,0.52,0.48,0.17,0.5,0,0.46,0.22,1
224,0.57,0.41,0.59,0.24,0.5,0,0.4,0.22,0
225,0.56,0.41,0.58,0.21,0.5,0,0.42,0.22,0
226,0.58,0.56,0.45,0.12,0.5,0,0.51,0.22,1
227,0.53,0.38,0.66,0.25,0.5,0,0.43,0.22,1
228,0.34,0.36,0.54,0.11,0.5,0,0.36,0.21,1
229,0.69,0.61,0.38,0.27,0.5,0,0.52,0.22,0
230,0.37,0.53,0.6,0.19,0.5,0.5,0.42,0.22,0
231,0.41,0.45,0.53,0.17,0.5,0,0.51,0.25,1
232,0.31,0.46,0.54,0.52,0.5,0,0.5,0.34,1
233,0.36,0.37,0.33,0.14,0.5,0,0.57,0.31,0
234,0.82,0.78,0.49,0.23,0.5,0,0.46,0.22,0
235,0.82,0.75,0.54,0.23,0.5,0,0.46,0.22,0
236,0.41,0.51,0.58,0.15,0.5,0,0.45,0.27,0
237,0.38,0.51,0.75,0.17,0.5,0,0.55,0.22,0
238,0.38,0.51,0.75,0.17,0.5,0,0.55,0.22,0
239,0.53,0.44,0.51,0.33,0.5,0,0.52,0.22,0
240,0.46,0.54,0.71,0.15,0.5,0,0.59,0.22,0
241,0.4,0.56,0.48,0.14,0.5,0,0.47,0.22,0
242,0.53,0.53,0.6,0.13,0.5,0,0.49,0.22,0
243,0.42,0.57,0.72,0.22,0.5,0,0.57,0.22,0
244,0.45,0.27,0.57,0.36,0.5,0,0.52,0.18,0
245,0.2,0.26,0.52,0.14,0.5,0,0.53,0.44,0
246,0.51,0.53,0.55,0.14,0.5,0,0.51,0.22,0
247,0.44,0.68,0.45,0.51,0.5,0,0.52,0.41,0
248,0.27,0.39,0.66,0.11,0.5,0,0.44,0.22,0
249,0.55,0.42,0.34,0.3,0.5,0,0.52,0.22,0
250,0.34,0.42,0.3,0.23,0.5,0,0.53,0.22,0
251,0.44,0.53,0.52,0.23,0.5,0.83,0.51,0.22,0
252,0.59,0.58,0.56,0.21,0.5,0,0.54,0.33,1
253,0.39,0.28,0.46,0.12,0.5,0,0.41,0.22,1
254,0.56,0.43,0.54,0.16,0.5,0,0.5,0.22,1
255,0.36,0.68,0.38,0.08,0.5,0,0.53,0.25,0
256,0.27,0.36,0.6,0.33,0.5,0,0.37,0.31,1
257,0.35,0.4,0.59,0.22,0.5,0,0.47,0.37,1
258,0.42,0.32,0.5,0.21,0.5,0,0.51,0.22,1
259,0.23,0.2,0.53,0.2,0.5,0,0.44,0.22,1
260,0.55,0.54,0.56,0.22,0.5,0,0.5,0.37,1
261,0.36,0.24,0.49,0.16,0.5,0,0.51,0.22,1
262,0.38,0.48,0.59,0.22,0.5,0,0.46,0.22,0
263,0.8,0.46,0.5,0.15,0.5,0,0.53,0.22,0
264,0.6,0.56,0.47,0.2,0.5,0,0.5,0.38,1
265,0.41,0.24,0.54,0.26,0.5,0,0.41,0.22,1
266,0.47,0.65,0.54,0.62,0.5,0,0.53,0.36,0
267,0.43,0.39,0.54,0.14,0.5,0,0.47,0.22,1
268,0.5,0.51,0.52,0.09,0.5,0,0.48,0.25,1
269,0.53,0.61,0.52,0.21,0.5,0,0.55,0.3,1
270,0.54,0.42,0.41,0.16,0.5,0,0.52,0.22,0
271,0.46,0.35,0.53,0.16,0.5,0,0.51,0.29,0
272,0.46,0.43,0.49,0.79,0.5,0,0.49,0.63,1
273,0.51,0.55,0.35,0.16,0.5,0,0.51,0.47,0
274,0.56,0.52,0.55,0.19,0.5,0,0.54,0.22,0
275,0.61,0.3,0.59,0.12,0.5,0,0.49,0.27,1
276,0.37,0.53,0.46,0.23,0.5,0,0.47,0.22,1
277,0.83,0.58,0.33,0.04,0.5,0,0.53,0.22,0
278,0.39,0.45,0.53,0.18,0.5,0,0.54,0.22,0
279,0.52,0.54,0.5,0.21,0.5,0,0.48,0.3,0
280,0.35,0.39,0.57,0.11,0.5,0,0.48,0.22,1
281,0.36,0.49,0.3,0.22,0.5,0,0.52,0.31,0
282,0.78,0.7,0.32,0.23,0.5,0,0.53,0.22,0
283,0.55,0.46,0.53,0.11,0.5,0,0.52,0.48,0
284,0.45,0.56,0.54,0.32,0.5,0,0.57,0.22,0
285,0.45,0.56,0.53,0.32,0.5,0,0.57,0.22,0
286,0.29,0.43,0.4,0.15,0.5,0,0.53,0.22,0
287,0.52,0.75,0.37,0.14,0.5,0,0.46,0.22,0
288,0.71,0.56,0.39,0.27,0.5,0,0.52,0.22,0
289,0.58,0.6,0.43,0.12,0.5,0,0.55,0.22,0
290,0.54,0.65,0.49,0.34,0.5,0,0.52,0.22,0
291,0.57,0.59,0.44,0.16,0.5,0,0.52,0.22,0
292,0.59,0.58,0.46,0.19,0.5,0,0.56,0.27,0
293,0.92,0.61,0.4,0.22,0.5,0,0.54,0.22,0
294,0.55,0.56,0.45,0.14,0.5,0,0.54,0.22,0
295,0.63,0.61,0.41,0.22,0.5,0,0.51,0.22,0
296,0.58,0.53,0.38,0.18,0.5,0,0.52,0.22,0
297,0.36,0.46,0.43,0.19,0.5,0,0.48,0.22,0
298,0.32,0.47,0.55,0.12,0.5,0,0.52,0.22,0
299,0.34,0.38,0.45,0.19,0.5,0,0.51,0.22,0
300,0.62,0.58,0.46,0.13,0.5,0,0.53,0.22,0
301,0.53,0.68,0.42,0.19,0.5,0,0.53,0.22,0
302,0.73,0.55,0.41,0.16,0.5,0,0.46,0.22,0
303,0.55,0.46,0.46,0.31,0.5,0,0.58,0.48,1
304,0.35,0.6,0.47,0.13,0.5,0,0.52,0.43,1
305,0.77,0.8,0.51,0.4,1,0,0.54,0.22,0
306,0.77,0.87,0.47,0.37,0.5,0,0.48,0.22,0
307,0.35,0.46,0.49,0.15,1,0,0.55,0.35,0
308,0.43,0.51,0.48,0.14,0.5,0,0.5,0.22,0
309,0.57,0.61,0.45,0.26,0.5,0,0.5,0.22,0
310,0.63,0.62,0.42,0.12,0.5,0,0.52,0.25,0
311,0.25,0.4,0.51,0.18,0.5,0,0.5,0.27,0
312,0.56,0.62,0.53,0.24,0.5,0,0.57,0.22,0
313,0.58,0.6,0.51,0.24,0.5,0,0.53,0.22,0
314,0.71,0.59,0.53,0.15,0.5,0,0.49,0.33,0
315,0.46,0.35,0.33,0.17,0.5,0,0.55,0.22,0
316,0.54,0.55,0.42,0.22,0.5,0,0.48,0.22,0
317,0.39,0.44,0.28,0.12,0.5,0,0.46,0.27,0
318,0.33,0.44,0.49,0.08,0.5,0,0.48,0.49,1
319,0.81,0.82,0.41,0.36,0.5,0,0.39,0.22,0
320,0.69,0.6,0.51,0.13,0.5,0.83,0.52,0.22,0
321,0.46,0.48,0.44,0.21,0.5,0,0.55,0.22,0
322,0.35,0.36,0.57,0.17,0.5,0,0.52,0.22,0
323,0.74,0.72,0.47,0.25,0.5,0,0.57,0.22,0
324,0.54,0.57,0.52,0.19,0.5,0,0.59,0.67,1
325,0.42,0.52,0.4,0.17,0.5,0,0.5,0.26,0
326,0.91,0.77,0.34,0.47,0.5,0,0.52,0.31,0
327,0.81,0.9,0.39,0.41,0.5,0,0.53,0.22,0
328,0.45,0.4,0.56,0.14,0.5,0,0.54,0.22,0
329,0.47,0.47,0.58,0.16,0.5,0,0.49,0.28,0
330,0.41,0.39,0.51,0.52,0.5,0,0.49,0.22,0
331,0.37,0.34,0.32,0.22,0.5,0,0.56,0.22,0
332,0.69,0.6,0.5,0.31,0.5,0,0.55,0.22,0
333,0.35,0.56,0.36,0.3,0.5,0,0.53,0.25,0
334,0.84,0.66,0.36,0.78,0.5,0,0.49,0.5,0
335,0.51,0.58,0.54,0.29,0.5,0,0.53,0.22,0
336,0.37,0.43,0.62,0.27,0.5,0,0.48,0.22,1
337,0.55,0.66,0.57,0.32,0.5,0,0.57,0.34,0
338,0.48,0.35,0.42,0.21,0.5,0,0.57,0.22,0
339,0.62,0.58,0.52,0.15,0.5,0,0.52,0.29,0
340,0.56,0.59,0.53,0.16,0.5,0,0.24,0.42,1
341,0.44,0.51,0.37,0.15,0.5,0,0.51,0.22,0
342,0.44,0.44,0.49,0.15,0.5,0,0.46,0.27,1
343,0.5,0.5,0.48,0.17,0.5,0,0.47,0.26,0
344,0.6,0.6,0.49,0.3,0.5,0,0.53,0.22,1
345,0.49,0.46,0.34,0.21,0.5,0,0.55,0.22,0
346,0.35,0.68,0.57,0.4,0.5,0,0.53,0.36,1
347,0.7,0.69,0.43,0.33,0.5,0,0.58,0.22,0
348,0.23,0.3,0.58,0.22,0.5,0,0.48,0.27,1
349,0.45,0.42,0.52,0.2,0.5,0,0.5,0.25,0
350,0.51,0.35,0.46,0.15,0.5,0,0.51,0.42,0
351,0.42,0.39,0.47,0.13,0.5,0,0.5,0.27,0
352,0.32,0.38,0.52,0.2,0.5,0,0.52,0.28,0
353,0.59,0.65,0.52,0.3,0.5,0,0.46,0.31,0
354,0.41,0.52,0.41,0.11,0.5,0,0.54,0.35,0
355,0.37,0.33,0.5,0.12,0.5,0,0.51,0.54,0
356,0.45,0.56,0.49,0.17,0.5,0,0.52,0.22,0
357,0.56,0.54,0.59,0.14,0.5,0,0.52,0.27,1
358,0.31,0.31,0.54,0.18,0.5,0,0.52,0.29,1
359,0.27,0.51,0.47,0.35,0.5,0,0.49,0.28,1
360,0.54,0.56,0.57,0.18,0.5,0,0.45,0.25,1
361,0.17,0.38,0.45,0.09,0.5,0,0.54,0.27,1
362,0.43,0.51,0.54,0.15,0.5,0,0.45,0.26,1
363,0.6,0.4,0.59,0.18,0.5,0,0.48,0.22,0
364,0.91,0.69,0.57,0.45,0.5,0,0.56,0.22,0
365,0.38,0.47,0.53,0.12,0.5,0,0.48,0.22,0
366,0.59,0.43,0.52,0.19,0.5,0,0.55,0.27,0
367,0.64,0.53,0.45,0.13,0.5,0,0.53,0.22,0
368,0.49,0.31,0.34,0.13,0.5,0,0.52,0.22,0
369,0.52,0.51,0.51,0.12,0.5,0,0.51,0.4,0
370,0.49,0.43,0.48,0.15,0.5,0,0.55,0.25,0
371,0.49,0.47,0.52,0.16,0.5,0,0.53,0.28,0
372,0.48,0.39,0.49,0.18,0.5,0,0.51,0.22,0
373,0.44,0.34,0.55,0.18,0.5,0,0.52,0.22,0
374,0.43,0.54,0.58,0.16,0.5,0,0.5,0.36,1
375,0.49,0.42,0.54,0.17,0.5,0,0.5,0.36,0
376,0.34,0.66,0.51,0.16,0.5,0,0.47,0.33,1
377,0.2,0.34,0.33,0.1,0.5,0,0.48,0.31,0
378,0.74,0.53,0.5,0.08,0.5,0,0.55,0.31,0
379,0.69,0.48,0.38,0.15,0.5,0,0.55,0.22,0
380,0.3,0.5,0.47,0.11,0.5,0,0.46,0.22,0
381,0.44,0.51,0.48,0.38,0.5,0,0.52,0.22,0
382,0.31,0.45,0.5,0.17,0.5,0,0.49,0.22,0
383,0.55,0.41,0.56,0.21,0.5,0,0.52,0.22,0
384,0.4,0.34,0.52,0.17,0.5,0,0.47,0.51,1
385,0.4,0.48,0.5,0.17,0.5,0,0.54,0.5,0
386,0.58,0.48,0.56,0.1,0.5,0,0.46,0.25,1
387,0.58,0.48,0.56,0.12,0.5,0,0.46,0.25,1
388,0.58,0.45,0.48,0.24,0.5,0,0.52,0.37,0
389,0.58,0.41,0.51,0.26,0.5,0,0.51,0.37,0
390,0.41,0.6,0.53,0.29,0.5,0,0.47,0.43,1
391,0.69,0.5,0.49,0.42,0.5,0,0.49,0.22,0
392,0.38,0.49,0.61,0.13,0.5,0,0.54,0.22,0
393,0.6,0.48,0.44,0.52,0.5,0,0.54,0.63,1
394,0.47,0.49,0.63,0.17,0.5,0,0.31,0.26,1
395,0.28,0.51,0.55,0.11,0.5,0,0.46,0.22,1
396,0.56,0.57,0.63,0.39,1,0,0.59,0.4,1
397,0.21,0.38,0.49,0.16,0.5,0,0.51,0.45,0
398,0.46,0.57,0.57,0.15,0.5,0,0.52,0.26,1
399,0.43,0.42,0.54,0.22,0.5,0,0.57,0.33,1
400,0.57,0.59,0.5,0.58,0.5,0,0.53,0.22,0
401,0.48,0.34,0.47,0.14,0.5,0,0.47,0.26,0
402,0.35,0.4,0.53,0.18,0.5,0,0.42,0.38,0
403,0.47,0.45,0.53,0.62,0.5,0,0.46,0.22,0
404,0.53,0.43,0.47,0.15,0.5,0,0.58,0.22,0
405,0.46,0.45,0.56,0.16,0.5,0,0.56,0.22,0
406,0.44,0.42,0.62,0.14,0.5,0,0.55,0.37,1
407,0.37,0.34,0.58,0.24,0.5,0,0.44,0.18,1
408,0.37,0.34,0.58,0.24,0.5,0,0.44,0.18,1
409,0.39,0.39,0.55,0.52,0.5,0,0.37,0.16,1
410,0.39,0.39,0.55,0.52,0.5,0,0.37,0.16,1
411,0.48,0.46,0.38,0.29,0.5,0,0.53,0.22,0
412,0.48,0.57,0.5,0.09,0.5,0,0.52,0.42,1
413,0.61,0.57,0.45,0.21,0.5,0,0.5,0.42,1
414,0.56,0.44,0.56,0.19,0.5,0,0.54,0.22,0
415,0.51,0.63,0.3,0.35,0.5,0,0.53,0.27,0
416,0.53,0.68,0.34,0.42,0.5,0,0.54,0.27,0
417,0.37,0.22,0.64,0.35,0.5,0,0.47,0.22,1
418,0.51,0.48,0.58,0.22,0.5,0,0.5,0.28,1
419,0.49,0.37,0.59,0.17,0.5,0,0.51,0.22,1
420,0.51,0.48,0.58,0.22,0.5,0,0.5,0.28,1
421,0.53,0.53,0.53,0.17,0.5,0,0.49,0.37,1
422,0.29,0.68,0.47,0.26,0.5,0,0.47,0.37,1
423,0.5,0.45,0.49,0.15,0.5,0,0.55,0.43,1
424,0.33,0.28,0.31,0.24,0.5,0,0.53,0.22,0
425,0.85,0.85,0.3,0.31,0.5,0,0.55,0.42,0
426,0.43,0.39,0.51,0.28,0.5,0,0.4,0.22,1
427,0.61,0.54,0.49,0.16,0.5,0,0.54,0.42,0
428,0.34,0.35,0.61,0.19,0.5,0,0.52,0.25,1
429,0.55,0.53,0.56,0.29,0.5,0,0.48,0.22,0
430,0.66,0.62,0.52,0.17,0.5,0,0.49,0.22,0
431,0.44,0.41,0.58,0.2,0.5,0,0.57,0.25,0
432,0.37,0.62,0.34,0.25,0.5,0,0.51,0.22,0
433,0.45,0.56,0.51,0.64,0.5,0,0.54,0.22,0
434,0.38,0.46,0.52,0.75,0.5,0,0.5,0.26,0
435,0.61,0.54,0.49,0.19,0.5,0,0.54,0.47,0
436,0.44,0.53,0.52,0.37,0.5,0,0.5,0.22,1
437,0.44,0.53,0.52,0.37,0.5,0,0.5,0.22,1
438,0.32,0.34,0.61,0.17,0.5,0,0.52,0.32,1
439,0.34,0.34,0.61,0.18,0.5,0,0.52,0.32,1
440,0.51,0.68,0.49,0.59,0.5,0,0.54,0.27,0
441,0.41,0.3,0.49,0.28,0.5,0,0.54,0.22,0
442,0.41,0.43,0.5,0.28,0.5,0,0.5,0.22,0
443,0.3,0.5,0.34,0.26,0.5,0,0.51,0.22,0
444,0.49,0.4,0.34,0.26,0.5,0,0.5,0.22,0
445,0.34,0.4,0.3,0.23,0.5,0,0.51,0.22,0
446,0.43,0.44,0.3,0.18,0.5,0,0.51,0.22,0
447,0.43,0.45,0.37,0.12,0.5,0,0.48,0.22,0
448,0.45,0.57,0.3,0.17,0.5,0,0.51,0.22,0
449,0.45,0.57,0.3,0.17,0.5,0,0.51,0.22,0
450,0.42,0.44,0.33,0.17,0.5,0,0.54,0.27,0
451,0.52,0.5,0.53,0.1,0.5,0,0.48,0.22,0
452,0.53,0.56,0.49,0.46,0.5,0,0.52,0.22,0
453,0.45,0.54,0.54,0.62,0.5,0,0.53,0.22,0
454,0.51,0.43,0.63,0.18,0.5,0,0.52,0.22,0
455,0.51,0.52,0.48,0.5,0.5,0,0.51,0.22,0
456,0.55,0.49,0.5,0.46,0.5,0,0.52,0.25,0
457,0.5,0.46,0.52,0.16,0.5,0,0.52,0.26,0
458,0.5,0.53,0.45,0.44,0.5,0,0.49,0.22,0
459,0.45,0.59,0.53,0.74,0.5,0,0.47,0.25,0
460,0.57,0.61,0.55,0.67,0.5,0,0.48,0.22,0
461,0.54,0.45,0.62,0.13,0.5,0,0.52,0.26,1
462,0.67,0.51,0.53,0.28,0.5,0,0.51,0.22,0
463,0.35,0.49,0.47,0.22,0.5,0,0.5,0.28,0
464,0.47,0.63,0.66,0.45,0.5,0,0.37,0.11,0
465,0.51,0.34,0.43,0.18,0.5,0,0.48,0.25,0
466,0.56,0.45,0.59,0.14,0.5,0,0.51,0.26,1
467,0.45,0.38,0.59,0.18,0.5,0,0.44,0.45,1
468,0.43,0.51,0.6,0.25,0.5,0,0.55,0.22,0
469,0.47,0.59,0.43,0.13,0.5,0,0.56,0.3,0
470,0.4,0.45,0.42,0.17,0.5,0,0.54,0.26,0
471,0.89,0.81,0.36,0.71,0.5,0,0.55,0.63,0
472,0.58,0.55,0.52,0.22,0.5,0,0.44,0.22,0
473,0.59,0.57,0.46,0.14,0.5,0,0.52,0.22,0
474,0.49,0.41,0.32,0.21,0.5,0,0.5,0.32,0
475,0.35,0.53,0.35,0.33,0.5,0,0.5,0.32,0
476,0.42,0.32,0.61,0.13,0.5,0,0.14,0.27,1
477,0.5,0.46,0.42,0.32,0.5,0,0.56,0.55,0
478,0.68,0.5,0.43,0.27,0.5,0,0.61,0.22,0
479,0.5,0.45,0.49,0.3,0.5,0,0.47,0.4,1
480,0.46,0.41,0.5,0.44,0.5,0,0.53,0.22,0
481,0.32,0.36,0.34,0.19,0.5,0,0.55,0.26,0
482,0.4,0.51,0.42,0.13,0.5,0,0.45,0.25,0
483,0.7,0.73,0.37,0.37,0.5,0,0.48,0.31,0
484,0.81,0.76,0.32,0.37,0.5,0,0.51,0.22,0
485,0.65,0.61,0.39,0.3,0.5,0,0.57,0.28,0
486,0.47,0.43,0.35,0.32,0.5,0,0.54,0.22,0
487,0.42,0.25,0.6,0.14,0.5,0,0.45,0.22,0
488,0.23,0.34,0.41,0.28,0.5,0,0.5,0.27,1
489,0.85,0.56,0.33,0.38,1,0,0.55,0.25,0
490,0.34,0.31,0.6,0.37,0.5,0,0.5,0.3,1
491,0.59,0.53,0.47,0.26,0.5,0,0.53,0.31,1
492,0.67,0.63,0.34,0.41,0.5,0,0.6,0.33,0
493,0.7,0.73,0.38,0.36,0.5,0,0.54,0.22,0
494,0.54,0.51,0.54,0.52,0.5,0,0.47,0.25,0
495,0.53,0.5,0.54,0.56,0.5,0,0.49,0.41,0
496,0.84,0.63,0.38,0.23,0.5,0,0.53,0.22,0
497,0.89,0.77,0.36,0.34,0.5,0,0.44,0.22,0
498,0.48,0.43,0.45,0.17,0.5,0,0.48,0.37,0
499,0.36,0.35,0.47,0.22,0.5,0,0.44,0.31,0
500,0.57,0.49,0.48,0.16,0.5,0,0.51,0.22,1
501,0.43,0.52,0.53,0.52,1,0,0.49,0.22,0
502,0.38,0.49,0.54,1,0.5,0,0.5,0.27,0
503,0.43,0.32,0.56,0.27,0.5,0,0.47,0.27,1
504,0.84,0.87,0.45,0.54,0.5,0,0.28,0.22,0
505,0.27,0.56,0.56,0.18,0.5,0,0.52,0.22,0
506,0.89,0.82,0.6,0.49,0.5,0,0.55,0.22,0
507,0.86,0.92,0.5,0.37,1,0,0.53,0.32,0
508,0.37,0.55,0.29,0.32,0.5,0,0.51,0.22,0
509,0.87,0.83,0.57,0.36,0.5,0,0.36,0.22,0
510,0.43,0.45,0.54,0.14,0.5,0,0.5,0.31,0
511,0.52,0.48,0.54,0.28,0.5,0,0.54,0.22,1
512,0.77,0.6,0.42,0.33,0.5,0,0.57,0.22,0
513,0.76,0.74,0.56,0.34,0.5,0,0.51,0.3,0
514,0.58,0.76,0.4,0.37,0.5,0,0.54,0.3,0
515,0.94,0.6,0.33,0.49,0.5,0,0.54,0.22,0
516,0.36,0.44,0.57,0.18,0.5,0,0.42,0.22,0
517,0.42,0.51,0.39,0.22,0.5,0,0.49,0.26,0
518,0.52,0.48,0.58,0.55,0.5,0,0.48,0.22,0
519,0.42,0.32,0.48,0.16,0.5,0,0.55,0.22,0
520,0.43,0.38,0.51,0.24,0.5,0,0.46,0.33,1
521,0.48,0.57,0.52,0.61,0.5,0,0.51,0.22,0
522,0.83,0.53,0.52,0.2,0.5,0,0.48,0.25,0
523,0.36,0.34,0.46,0.19,0.5,0,0.52,0.22,0
524,0.51,0.43,0.47,0.19,0.5,0,0.52,0.37,0
525,0.54,0.54,0.49,0.14,0.5,0,0.56,0.22,0
526,0.44,0.41,0.44,0.13,0.5,0,0.49,0.42,1
527,0.52,0.62,0.54,0.19,0.5,0,0.5,0.22,0
528,0.46,0.4,0.38,0.18,0.5,0,0.49,0.22,0
529,0.68,0.5,0.55,0.65,0.5,0,0.46,0.31,0
530,0.53,0.44,0.47,0.22,0.5,0,0.53,0.22,1
531,0.48,0.48,0.5,0.47,0.5,0,0.55,0.22,0
532,0.46,0.14,0.36,0.21,0.5,0,0.5,0.25,0
533,0.5,0.45,0.48,0.17,0.5,0,0.5,0.26,0
534,0.44,0.53,0.43,0.17,0.5,0,0.54,0.75,1
535,0.46,0.47,0.46,0.16,0.5,0,0.51,0.22,0
536,0.52,0.49,0.57,0.57,0.5,0,0.51,0.22,1
537,0.62,0.64,0.56,0.2,0.5,0,0.48,0.33,1
538,0.46,0.32,0.58,0.17,0.5,0,0.61,0.25,1
539,0.78,0.48,0.47,0.3,0.5,0,0.53,0.47,0
540,0.49,0.62,0.65,0.18,0.5,0,0.46,0.43,1
541,0.5,0.34,0.62,0.19,0.5,0,0.57,0.22,0
542,0.39,0.37,0.33,0.23,0.5,0,0.53,0.26,0
543,0.39,0.37,0.56,0.15,0.5,0,0.5,0.27,0
544,0.33,0.37,0.54,0.28,0.5,0,0.53,0.27,1
545,0.39,0.37,0.33,0.23,0.5,0,0.52,0.26,0
546,0.33,0.38,0.53,0.26,0.5,0,0.52,0.27,1
547,0.48,0.51,0.57,0.24,0.5,0,0.5,0.22,0
548,0.5,0.62,0.54,0.66,0.5,0,0.49,0.22,0
549,0.47,0.54,0.54,0.48,0.5,0,0.53,0.26,0
550,0.72,0.58,0.42,0.28,0.5,0,0.48,0.22,0
551,0.41,0.41,0.51,0.19,0.5,0,0.57,0.22,0
552,0.81,0.65,0.52,0.41,0.5,0,0.57,0.26,0
553,0.5,0.49,0.52,0.2,0.5,0,0.43,0.52,1
554,0.18,0.48,0.46,0.12,0.5,0,0,0.25,1
555,0.26,0.38,0.52,0.36,0.5,0,0.48,0.56,1
556,0.53,0.51,0.51,0.11,0.5,0,0.49,0.41,1
557,0.58,0.49,0.5,0.41,0.5,0,0.57,0.22,0
558,0.62,0.6,0.47,0.16,0.5,0,0.53,0.22,0
559,0.68,0.58,0.51,0.19,0.5,0.83,0.54,0.22,0
560,0.4,0.52,0.53,0.52,0.5,0,0.51,0.22,0
561,0.51,0.47,0.41,0.44,0.5,0,0.5,0.22,0
562,0.72,0.56,0.4,0.26,0.5,0,0.51,0.26,0
563,0.49,0.44,0.45,0.22,0.5,0,0.51,0.22,0
564,0.32,0.47,0.55,0.25,0.5,0,0.49,0.22,0
565,0.46,0.57,0.52,0.28,0.5,0,0.52,0.22,1
566,0.53,0.48,0.45,0.44,0.5,0,0.49,0.27,0
567,0.49,0.48,0.46,0.63,0.5,0,0.52,0.22,0
568,0.7,0.53,0.42,0.22,0.5,0,0.51,0.28,1
569,0.68,0.68,0.49,0.15,0.5,0,0.53,0.22,0
570,0.47,0.6,0.35,0.21,0.5,0,0.52,0.22,0
571,0.55,0.49,0.45,0.18,0.5,0,0.49,0.22,1
572,0.4,0.53,0.61,0.21,0.5,0,0.48,0.33,1
573,0.57,0.44,0.42,0.2,0.5,0,0.54,0.22,0
574,0.4,0.47,0.48,0.18,0.5,0,0.46,0.22,0
575,0.34,0.54,0.54,0.13,0.5,0,0.52,0.22,0
576,0.43,0.83,0.55,0.2,0.5,0,0.47,0.4,1
577,0.55,0.65,0.5,0.28,0.5,0,0.55,0.22,1
578,0.29,0.46,0.54,0.27,0.5,0,0.49,0.22,0
579,0.46,0.42,0.6,0.21,0.5,0,0.4,0.22,0
580,0.8,0.81,0.55,0.35,0.5,0,0.42,0.22,0
581,0.79,0.74,0.49,0.33,0.5,0,0.48,0.22,0
582,0.45,0.48,0.63,0.67,0.5,0,0.48,0.22,0
583,0.66,0.52,0.52,0.44,0.5,0,0.56,0.27,0
584,0.5,0.49,0.59,0.47,0.5,0,0.49,0.36,0
585,0.54,0.52,0.54,0.2,0.5,0,0.55,0.25,1
586,0.37,0.31,0.53,0.16,0.5,0,0.53,0.44,1
587,0.43,0.39,0.59,0.13,0.5,0,0.41,0.43,1
588,0.48,0.47,0.54,0.55,0.5,0,0.51,0.65,0
589,0.6,0.59,0.45,0.23,0.5,0,0.55,0.22,0
590,0.45,0.73,0.47,0.65,0.5,0,0.54,0.43,0
591,0.66,0.54,0.49,0.16,0.5,0,0.54,0.36,1
592,0.46,0.55,0.61,0.13,0.5,0,0.47,0.22,0
593,0.42,0.5,0.53,0.22,0.5,0.83,0.5,0.22,0
594,0.66,0.66,0.32,0.54,0.5,0,0.51,0.22,0
595,0.74,0.56,0.35,0.36,0.5,0,0.51,0.25,0
596,0.89,0.52,0.41,0.26,0.5,0,0.52,0.31,0
597,0.67,0.51,0.54,0.21,0.5,0,0.43,0.3,0
598,0.58,0.46,0.46,0.34,0.5,0,0.5,0.43,1
599,0.4,0.68,0.5,0.82,0.5,0,0.44,0.36,0
600,0.59,0.57,0.43,0.26,0.5,0,0.51,0.22,0
601,0.39,0.3,0.56,0.12,0.5,0,0.53,0.38,1
602,0.6,0.62,0.54,0.4,0.5,0,0.5,0.22,0
603,0.36,0.4,0.53,0.48,0.5,0,0.48,0.22,0
604,0.51,0.42,0.56,0.38,0.5,0,0.46,0.22,0
605,0.41,0.54,0.58,0.2,0.5,0,0.52,0.22,0
606,0.57,0.4,0.62,0.3,0.5,0,0.48,0.11,0
607,0.52,0.5,0.59,0.31,0.5,0,0.5,0.22,0
608,0.42,0.53,0.53,0.64,0.5,0,0.47,0.22,0
609,0.5,0.46,0.64,0.36,0.5,0,0.49,0.22,0
610,0.6,0.51,0.6,0.38,0.5,0.83,0.52,0.24,0
611,0.45,0.38,0.64,0.14,0.5,0,0.54,0.22,0
612,0.6,0.57,0.64,0.52,0.5,0,0.47,0.28,0
613,0.53,0.42,0.58,0.29,0.5,0,0.5,0.22,0
614,0.41,0.52,0.53,0.41,0.5,0,0.39,0.33,0
615,0.45,0.43,0.63,0.4,0.5,0,0.59,0.11,0
616,0.44,0.44,0.67,0.35,0.5,0,0.48,0.26,0
617,0.58,0.52,0.61,0.33,0.5,0,0.38,0.11,0
618,0.57,0.61,0.55,0.27,0.5,0,0.44,0.21,0
619,0.57,0.58,0.58,0.35,0.5,0,0.49,0.22,0
620,0.64,0.64,0.56,0.21,0.5,0,0.5,0.22,0
621,0.56,0.5,0.61,0.49,0.5,0,0.46,0.28,0
622,0.6,0.46,0.59,0.16,0.5,0,0.49,0.22,0
623,0.36,0.38,0.56,0.44,0.5,0,0.48,0.22,0
624,0.53,0.52,0.61,0.35,0.5,0,0.5,0.22,0
625,0.62,0.59,0.54,0.47,0.5,0,0.46,0.22,0
626,0.55,0.5,0.6,0.31,0.5,0,0.46,0.27,0
627,0.58,0.53,0.57,0.46,0.5,0,0.51,0.27,0
628,0.65,0.53,0.55,0.52,0.5,0,0.47,0.27,0
629,0.38,0.54,0.54,0.41,0.5,0,0.51,0.22,0
630,0.58,0.53,0.5,0.53,0.5,0,0.47,0.31,0
631,0.61,0.46,0.51,0.37,0.5,0,0.51,0.22,0
632,0.55,0.59,0.47,0.64,0.5,0,0.54,0.33,0
633,0.54,0.64,0.5,0.13,0.5,0,0.49,0.22,0
634,0.4,0.74,0.49,0.16,0.5,0,0.51,0.22,0
635,0.76,0.76,0.35,0.27,0.5,0,0.44,0.22,0
636,0.51,0.56,0.51,0.42,0.5,0,0.53,0.36,0
637,0.43,0.32,0.5,0.29,0.5,0,0.5,0.22,0
638,0.49,0.44,0.45,0.55,0.5,0,0.48,0.22,0
639,0.32,0.45,0.44,0.2,0.5,0,0.55,0.33,1
640,0.51,0.6,0.51,0.26,0.5,0,0.54,0.22,1
641,0.49,0.46,0.42,0.46,0.5,0,0.55,0.22,1
642,0.5,0.56,0.49,0.61,0.5,0,0.5,0.22,0
643,0.51,0.48,0.51,0.43,0.5,0,0.49,0.22,0
644,0.52,0.38,0.62,0.12,0.5,0,0.41,0.28,1
645,0.53,0.4,0.57,0.12,0.5,0,0.53,0.32,1
646,0.51,0.56,0.62,0.24,0.5,0,0.52,0.51,1
647,0.63,0.6,0.5,0.27,0.5,0,0.55,0.22,0
648,0.46,0.44,0.53,0.31,0.5,0,0.48,0.22,0
649,0.58,0.57,0.54,0.69,0.5,0,0.54,0.22,0
650,0.61,0.59,0.47,0.49,0.5,0,0.54,0.22,0
651,0.63,0.47,0.56,0.12,0.5,0,0.5,0.22,0
652,0.55,0.53,0.54,0.4,0.5,0,0.48,0.22,0
653,0.41,0.47,0.58,0.62,0.5,0,0.5,0.22,0
654,0.44,0.53,0.53,0.37,0.5,0,0.51,0.22,0
655,0.57,0.4,0.48,0.24,0.5,0,0.55,0.22,0
656,0.46,0.46,0.56,0.12,0.5,0,0.55,0.22,0
657,0.47,0.46,0.55,0.28,0.5,0,0.44,0.46,1
658,0.39,0.35,0.49,0.17,0.5,0,0.49,0.22,1
659,0.58,0.38,0.4,0.21,0.5,0,0.5,0.22,0
660,0.53,0.41,0.5,0.24,1,0,0.47,0.22,0
661,0.43,0.4,0.5,0.18,0.5,0,0.5,0.28,0
662,0.41,0.59,0.46,0.19,0.5,0,0.36,0.22,0
663,0.58,0.56,0.52,0.25,0.5,0,0.57,0.35,1
664,0.51,0.65,0.53,0.19,0.5,0,0.49,0.22,0
665,0.81,0.79,0.32,0.37,0.5,0,0.41,0.22,0
666,0.44,0.41,0.29,0.21,0.5,0,0.49,0.22,0
667,0.49,0.6,0.55,0.17,0.5,0,0.44,0.22,0
668,0.56,0.63,0.52,0.2,0.5,0,0.34,0.26,1
669,0.42,0.28,0.57,0.18,0.5,0,0.42,0.22,1
670,0.51,0.46,0.54,0.41,0.5,0,0.53,0.22,0
671,0.6,0.51,0.52,0.45,0.5,0,0.5,0.27,0
672,0.37,0.41,0.45,0.14,0.5,0,0.47,0.22,0
673,0.37,0.51,0.57,0.4,0.5,0,0.48,0.27,0
674,0.36,0.39,0.55,0.26,0.5,0,0.49,0.22,1
675,0.5,0.36,0.53,0.41,0.5,0,0.55,0.36,0
676,0.59,0.58,0.39,0.52,0.5,0,0.5,0.31,0
677,0.78,0.63,0.53,0.13,0.5,0,0.54,0.22,0
678,0.47,0.59,0.37,0.31,0.5,0,0.51,0.36,1
679,0.48,0.62,0.52,0.3,0.5,0,0.51,0.37,1
680,0.53,0.61,0.51,0.49,0.5,0,0.54,0.27,0
681,0.48,0.54,0.53,0.6,0.5,0,0.53,0.31,1
682,0.33,0.46,0.53,0.29,0.5,0,0.5,0.55,1
683,0.36,0.44,0.51,0.17,0.5,0,0.6,0.19,1
684,0.39,0.34,0.68,0.3,0.5,0,0.5,0.29,1
685,0.11,0.41,0.67,0.13,0.5,0,0.45,0.29,1
686,0.4,0.53,0.44,0.18,0.5,0,0.54,0.31,1
687,0.47,0.5,0.55,0.19,0.5,0,0.62,0.22,0
688,0.35,0.5,0.44,0.27,0.5,0,0.51,0.22,0
689,0.36,0.3,0.5,0.19,0.5,0,0.55,0.3,1
690,0.49,0.44,0.51,0.18,0.5,0,0.52,0.27,0
691,0.35,0.44,0.54,0.26,0.5,0,0.52,0.26,1
692,0.43,0.28,0.53,0.34,0.5,0,0.55,0.57,1
693,0.33,0.48,0.55,0.16,0.5,0,0.53,0.75,1
694,0.45,0.21,0.49,0.24,0.5,0,0.46,0.31,1
695,0.44,0.34,0.61,0.13,0.5,0,0.49,0.26,1
696,0.87,0.47,0.6,0.47,0.5,0,0.59,0.22,1
697,0.3,0.55,0.58,0.16,0.5,0,0.61,0.28,1
698,0.29,0.34,0.55,0.24,0.5,0,0.51,0.22,0
699,0.75,0.67,0.51,0.29,0.5,0,0.52,0.36,0
700,0.47,0.47,0.5,0.15,0.5,0,0.5,0.48,1
701,0.51,0.34,0.49,0.16,0.5,0,0.53,0.21,1
702,0.64,0.76,0.51,0.18,0.5,0,0.46,0.22,1
703,0.45,0.41,0.58,0.48,0.5,0,0.53,0.64,1
704,0.9,0.54,0.59,0.2,0.5,0,0.48,0.22,1
705,0.88,0.59,0.54,0.39,0.5,0,0.41,0.3,1
706,0.7,0.51,0.47,0.24,0.5,0,0.53,0.25,1
707,0.25,0.36,0.58,0.3,0.5,0,0.58,0.31,1
708,0.69,0.62,0.49,0,1,0,0.47,0.22,1
709,0.83,0.57,0.42,0.57,0.5,0,0.5,0.32,0
710,0.43,0.38,0.38,0.12,0.5,0,0.5,0.22,0
711,0.78,0.65,0.4,0.16,0.5,0,0.63,0.22,0
712,0.52,0.64,0.34,0.16,0.5,0,0.57,0.22,0
713,0.75,0.66,0.64,0.39,0.5,0,0.46,0.32,0
714,0.41,0.49,0.58,0.22,0.5,0,0.52,0.22,0
715,0.58,0.51,0.56,0.16,0.5,0,0.34,0.22,1
716,0.48,0.49,0.45,0.23,0.5,0,0.51,0.22,0
717,0.39,0.42,0.49,0.1,0.5,0,0.49,0.65,1
718,0.31,0.42,0.48,0.17,0.5,0,0.49,0.53,1
719,0.39,0.28,0.54,0.14,0.5,0,0.59,0.22,0
720,0.76,0.67,0.37,0.22,0.5,0,0.54,0.22,0
721,0.49,0.27,0.57,0.18,0.5,0.83,0.54,0.22,0
722,0.28,0.48,0.56,0.16,0.5,0,0.48,0.26,0
723,0.69,0.39,0.52,0.12,0.5,0,0.38,0.35,0
724,0.64,0.52,0.5,0.26,0.5,0,0.51,0.31,1
725,0.56,0.48,0.5,0.3,0.5,0,0.51,0.22,0
726,0.5,0.5,0.54,0.16,0.5,0,0.49,0.22,0
727,0.47,0.43,0.59,0.27,0.5,0,0.55,0.22,0
728,0.68,0.59,0.44,0.49,0.5,0,0.4,0.26,0
729,0.5,0.51,0.57,0.27,0.5,0,0.48,0.22,0
730,0.45,0.46,0.61,0.2,0.5,0,0.62,0.22,0
731,0.53,0.51,0.36,0.13,0.5,0,0.52,0.22,0
732,0.6,0.54,0.54,0.53,0.5,0,0.52,0.27,0
733,0.49,0.52,0.53,0.7,0.5,0,0.51,0.22,0
734,0.49,0.45,0.53,0.16,0.5,0,0.49,0.31,0
735,0.51,0.46,0.57,0.25,0.5,0,0.53,0.22,0
736,0.49,0.45,0.46,0.18,0.5,0,0.49,0.31,0
737,0.52,0.46,0.51,0.18,0.5,0,0.5,0.22,0
738,0.55,0.59,0.52,0.1,0.5,0,0.53,0.22,0
739,0.39,0.58,0.5,0.1,0.5,0,0.51,0.25,0
740,0.7,0.84,0.49,0.28,1,0,0.58,0.22,0
741,0.33,0.38,0.45,0.19,0.5,0,0.54,0.37,1
742,0.61,0.46,0.44,0.47,0.5,0,0.5,0.37,1
743,0.41,0.48,0.38,0.13,0.5,0,0.51,0.35,0
744,0.37,0.42,0.6,0.13,0.5,0,0.51,0.22,1
745,0.45,0.58,0.59,0.44,0.5,0,0.56,0.22,0
746,0.74,0.89,0.32,0.24,0.5,0,0.54,0.32,0
747,0.28,0.46,0.26,0.18,0.5,0,0.39,0.22,0
748,0.51,0.46,0.49,0.21,0.5,0,0.55,0.22,0
749,0.8,0.82,0.57,0.26,0.5,0,0.57,0.27,0
750,0.46,0.49,0.45,0.28,0.5,0,0.55,0.22,0
751,0.4,0.36,0.55,0.15,0.5,0,0.53,0.22,0
752,0.67,0.46,0.58,0.3,0.5,0,0.57,0.27,1
753,0.5,0.32,0.49,0.49,0.5,0,0.48,0.32,0
754,0.45,0.53,0.47,0.43,0.5,0,0.5,0.27,0
755,0.75,0.6,0.43,0.35,0.5,0,0.45,0.27,0
756,0.56,0.68,0.52,0.39,0.5,0,0.36,0.22,0
757,0.48,0.45,0.59,0.35,0.5,0,0.55,0.3,0
758,0.26,0.28,0.6,0.2,0.5,0,0.54,0.31,0
759,0.59,0.45,0.58,0.21,0.5,0,0.49,0.22,0
760,0.48,0.52,0.49,0.35,0.5,0.5,0.51,0.22,0
761,0.59,0.58,0.47,0.61,0.5,0,0.44,0.3,0
762,0.5,0.57,0.62,0.25,0.5,0,0.51,0.22,0
763,0.57,0.49,0.5,0.2,0.5,0,0.51,0.28,0
764,0.62,0.43,0.49,0.29,0.5,0,0.5,0.27,0
765,0.45,0.41,0.49,0.14,1,0,0.53,0.3,0
766,0.47,0.49,0.6,0.15,0.5,0,0.38,0.22,0
767,0.41,0.48,0.54,0.24,0.5,0,0.37,0.51,1
768,0.46,0.46,0.53,0.23,0.5,0,0.51,0.22,0
769,0.48,0.42,0.48,0.19,0.5,0,0.58,0.22,0
770,0.43,0.45,0.53,0.19,0.5,0,0.56,0.22,0
771,0.28,0.36,0.55,0.15,0.5,0,0.57,0.22,0
772,0.48,0.46,0.58,0.26,0.5,0,0.44,0.22,1
773,0.74,0.72,0.5,0.28,0.5,0,0.5,0.27,0
774,0.74,0.72,0.5,0.28,0.5,0,0.49,0.27,0
775,0.38,0.62,0.52,0.14,0.5,0,0.53,0.22,0
776,0.77,0.72,0.48,0.26,0.5,0,0.51,0.22,0
777,0.44,0.42,0.57,0.22,0.5,0,0.5,0.25,1
778,0.74,0.74,0.51,0.27,0.5,0,0.5,0.22,0
779,0.39,0.81,0.35,0.28,0.5,0,0.51,0.45,0
780,0.53,0.54,0.43,0.18,0.5,0,0.53,0.31,1
781,0.38,0.45,0.37,0.19,0.5,0,0.52,0.3,0
782,0.4,0.37,0.54,0.13,0.5,0,0.48,0.22,1
783,0.31,0.3,0.34,0.19,0.5,0,0.55,0.3,0
784,0.5,0.42,0.57,0.49,0.5,0,0.48,0.27,1
785,0.59,0.61,0.51,0.62,0.5,0,0.51,0.38,0
786,0.45,0.4,0.43,0.22,0.5,0,0.51,0.48,1
787,0.47,0.54,0.53,0.77,0.5,0,0.52,0.36,0
788,0.77,0.78,0.51,0.28,0.5,0,0.33,0.22,0
789,0.74,0.71,0.52,0.3,0.5,0,0.27,0.22,0
790,0.77,0.73,0.51,0.27,0.5,0,0.34,0.22,0
791,0.47,0.61,0.5,0.23,0.5,0,0.49,0.22,0
792,0.78,0.69,0.44,0.26,0.5,0,0.54,0.22,0
793,0.49,0.6,0.3,0.34,0.5,0,0.5,0.43,0
794,0.27,0.56,0.3,0.14,0.5,0,0.52,0.39,0
795,0.4,0.39,0.33,0.17,0.5,0,0.51,0.31,0
796,0.55,0.51,0.54,0.2,0.5,0,0.56,0.22,0
797,0.95,0.71,0.27,0.39,0.5,0,0.31,0.22,0
798,0.97,0.71,0.29,0.42,0.5,0,0.35,0.22,0
799,0.44,0.43,0.34,0.21,0.5,0,0.55,0.4,0
800,0.39,0.49,0.3,0.19,0.5,0,0.52,0.31,0
801,0.38,0.48,0.51,0.13,0.5,0,0.5,0.32,1
802,0.37,0.51,0.39,0.18,0.5,0,0.51,0.27,0
803,0.27,0.49,0.36,0.26,0.5,0,0.49,0.26,0
804,0.49,0.48,0.52,0.2,0.5,0,0.55,0.22,1
805,0.36,0.39,0.54,0.16,0.5,0,0.5,0.28,1
806,0.54,0.53,0.48,0.14,0.5,0,0.49,0.33,1
807,0.37,0.48,0.5,0.26,0.5,0,0.52,0.39,1
808,0.25,0.39,0.5,0.23,0.5,0,0.5,0.28,1
809,0.49,0.71,0.54,0.13,0.5,0,0.58,0.22,1
810,0.56,0.5,0.56,0.26,0.5,0,0.53,0.27,1
811,0.41,0.53,0.41,0.15,0.5,0,0.54,0.25,1
812,0.5,0.45,0.53,0.21,0.5,0,0.28,0.22,1
813,0.46,0.37,0.48,0.36,0.5,0,0.48,0.22,0
814,0.66,0.55,0.34,0.2,0.5,0,0.62,0.22,0
815,0.42,0.65,0.58,0.34,0.5,0,0.5,0.22,0
816,0.45,0.47,0.53,0.15,0.5,0,0.52,0.27,0
817,0.42,0.28,0.51,0.23,0.5,0,0.53,0.27,1
818,0.51,0.48,0.46,0.29,0.5,0,0.54,0.22,0
819,0.75,0.69,0.48,0.13,0.5,0,0.57,0.4,0
820,0.69,0.7,0.5,0.3,0.5,0,0.54,0.22,0
821,0.63,0.55,0.53,0.51,0.5,0,0.55,0.22,0
822,0.55,0.63,0.54,0.16,0.5,0,0.45,0.27,0
823,0.46,0.62,0.54,0.25,0.5,0,0.46,0.22,0
824,0.53,0.59,0.48,0.14,0.5,0,0.51,0.22,0
825,0.42,0.53,0.57,0.17,0.5,0,0.49,0.22,0
826,0.52,0.46,0.56,0.2,0.5,0,0.5,0.22,0
827,0.53,0.43,0.57,0.24,0.5,0,0.39,0.28,0
828,0.33,0.35,0.56,0.19,0.5,0,0.5,0.22,1
829,0.45,0.48,0.56,0.56,0.5,0,0.47,0.22,1
830,0.56,0.48,0.5,0.17,0.5,0,0.51,0.26,0
831,0.77,0.57,0.45,0.17,0.5,0,0.53,0.22,0
832,0.56,0.59,0.54,0.18,0.5,0,0.48,0.46,1
833,0.33,0.39,0.52,0.09,0.5,0,0.47,0.28,1
834,0.48,0.41,0.54,0.39,0.5,0,0.51,0.22,1
835,0.3,0.3,0.46,0.32,0.5,0,0.45,0.22,1
836,0.38,0.26,0.6,0.1,0.5,0,0.48,0.44,1
837,0.68,0.39,0.5,0.15,0.5,0,0.48,0.37,1
838,0.62,0.41,0.52,0.17,0.5,0,0.48,0.22,1
839,0.52,0.37,0.48,0.13,0.5,0,0.55,0.22,1
840,0.32,0.48,0.49,0.17,0.5,0,0.47,0.22,1
841,0.34,0.35,0.58,0.2,0.5,0,0.46,0.32,1
842,0.33,0.21,0.53,0.15,1,0,0.52,0.5,1
843,0.49,0.45,0.57,0.24,0.5,0,0.47,0.38,1
844,0.4,0.28,0.48,0.06,0.5,0,0.49,0.42,1
845,0.51,0.39,0.56,0.25,0.5,0,0.51,0.33,1
846,0.45,0.45,0.52,0.17,0.5,0,0.54,0.22,0
847,0.28,0.51,0.55,0.19,0.5,0,0.57,0.22,0
848,0.51,0.51,0.56,0.28,0.5,0,0.54,0.27,0
849,0.48,0.56,0.49,0.32,0.5,0,0.5,0.22,0
850,0.59,0.46,0.48,0.46,0.5,0,0.49,0.22,0
851,0.51,0.46,0.4,0.65,0.5,0,0.49,0.22,0
852,0.37,0.44,0.51,0.56,0.5,0,0.5,0.38,1
853,0.81,0.55,0.35,0.34,0.5,0,0.51,0.22,0
854,0.53,0.45,0.53,0.18,0.5,0,0.42,0.22,0
855,0.45,0.27,0.5,0.33,0.5,0,0.53,0.26,0
856,0.36,0.33,0.38,0.15,0.5,0,0.55,0.36,0
857,0.48,0.5,0.56,0.11,0.5,0,0.33,0.22,0
858,0.35,0.47,0.53,0.19,0.5,0,0.48,0.22,0
859,0.48,0.48,0.56,0.18,0.5,0,0.58,0.22,0
860,0.6,0.59,0.47,0.47,0.5,0,0.53,0.22,0
861,0.45,0.53,0.51,0.42,0.5,0,0.52,0.22,0
862,0.29,0.4,0.41,0.48,0.5,0,0.53,0.3,1
863,0.58,0.53,0.33,0.26,0.5,0,0.51,0.22,0
864,0.46,0.43,0.5,0.24,0.5,0,0.48,0.31,0
865,0.43,0.46,0.5,0.21,0.5,0,0.49,0.34,0
866,0.61,0.55,0.51,0.26,0.5,0,0.52,0.22,0
867,0.5,0.62,0.52,0.3,0.5,0,0.56,0.22,0
868,0.49,0.45,0.54,0.4,0.5,0,0.55,0.22,0
869,0.64,0.53,0.59,0.14,0.5,0,0.53,0.22,0
870,0.57,0.6,0.54,0.17,0.5,0,0.52,0.22,0
871,0.38,0.31,0.59,0.19,0.5,0,0.46,0.22,0
872,0.68,0.53,0.44,0.31,0.5,0,0.51,0.22,0
873,0.24,0.41,0.47,0.16,0.5,0,0.51,0.38,1
874,0.61,0.39,0.53,0.14,0.5,0,0.43,0.26,1
875,0.39,0.16,0.59,0.08,0.5,0,0.51,0.27,1
876,0.33,0.28,0.5,0.4,0.5,0,0.46,0.61,1
877,0.51,0.55,0.56,0.18,0.5,0,0.5,0.38,1
878,0.39,0.44,0.54,0.24,0.5,0,0.51,0.49,1
879,0.43,0.48,0.53,0.18,0.5,0,0.46,0.22,1
880,0.47,0.43,0.48,0.16,0.5,0,0.46,0.27,1
881,0.52,0.5,0.51,0.2,0.5,0,0.51,0.22,1
882,0.33,0.28,0.52,0.15,0.5,0,0.51,0.86,1
883,0.36,0.48,0.5,0.13,0.5,0,0.49,0.6,1
884,0.45,0.54,0.49,0.29,0.5,0,0.49,0.25,1
885,0.55,0.59,0.53,0.15,0.5,0,0.49,0.22,1
886,0.31,0.39,0.55,0.28,0.5,0,0.46,0.31,1
887,0.43,0.41,0.51,0.34,0.5,0,0.49,0.28,1
888,0.64,0.5,0.53,0.1,0.5,0,0.51,0.22,1
889,0.41,0.52,0.56,0.26,0.5,0,0.48,0.32,1
890,0.48,0.47,0.59,0.41,0.5,0,0.56,0.27,1
891,0.49,0.49,0.51,0.29,0.5,0,0.52,0.71,1
892,0.41,0.52,0.51,0.22,0.5,0,0.52,0.44,1
893,0.51,0.61,0.5,0.23,0.5,0,0.52,0.61,1
894,0.59,0.47,0.51,0.53,0.5,0,0.53,0.26,0
895,0.4,0.6,0.5,0.16,0.5,0,0.51,0.22,0
896,0.54,0.53,0.53,0.17,0.5,0,0.51,0.39,1
897,0.61,0.46,0.54,0.11,0.5,0,0.47,0.22,0
898,0.66,0.55,0.54,0.18,0.5,0,0.43,0.22,0
899,0.53,0.46,0.54,0.37,0.5,0,0.51,0.3,1
900,0.41,0.41,0.43,0.61,0.5,0,0.53,0.22,0
901,0.58,0.31,0.6,0.12,0.5,0,0.47,0.33,1
902,0.49,0.67,0.5,0.28,0.5,0,0.43,0.22,1
903,0.44,0.33,0.55,0.16,0.5,0,0.49,0.22,1
904,0.44,0.45,0.53,0.19,0.5,0,0.41,0.28,1
905,0.57,0.55,0.52,0.16,0.5,0,0.49,0.39,1
906,0.45,0.66,0.39,0.11,0.5,0,0.54,0.22,0
907,0.32,0.49,0.53,0.28,0.5,0,0.5,0.5,1
908,0.35,0.42,0.56,0.28,0.5,0,0.47,0.22,1
909,0.46,0.41,0.58,0.1,0.5,0,0.48,0.22,1
910,0.57,0.51,0.58,0.22,0.5,0,0.51,0.22,1
911,0.47,0.47,0.54,0.19,0.5,0,0.51,0.33,1
912,0.34,0.58,0.5,0.26,0.5,0,0.51,0.22,1
913,0.55,0.45,0.58,0.25,0.5,0,0.49,0.22,1
914,0.4,0.66,0.34,0.21,0.5,0,0.52,0.26,1
915,0.42,0.21,0.59,0.3,0.5,0,0.47,0.27,1
916,0.6,0.48,0.46,0.32,0.5,0,0.4,0.33,0
917,0.64,0.44,0.51,0.35,0.5,0,0.53,0.22,0
918,0.35,0.4,0.44,0.25,0.5,0,0.53,0.57,1
919,0.55,0.38,0.64,0.42,0.5,0,0.47,0.22,0
920,0.45,0.43,0.5,0.25,0.5,0,0.47,0.22,0
921,0.47,0.53,0.48,0.51,0.5,0,0.54,0.22,0
922,0.45,0.49,0.57,0.25,0.5,0,0.48,0.22,1
923,0.45,0.52,0.5,0.12,0.5,0,0.6,0.22,0
924,0.56,0.51,0.32,0.49,0.5,0,0.48,0.22,1
925,0.37,0.58,0.5,0.22,0.5,0,0.47,0.22,1
926,0.47,0.45,0.51,0.33,0.5,0,0.46,0.26,1
927,0.5,0.36,0.64,0.37,0.5,0,0.37,0.33,1
928,0.43,0.44,0.64,0.19,0.5,0,0.38,0.33,1
929,0.38,0.4,0.59,0.25,0.5,0,0.44,0.22,0
930,0.39,0.39,0.59,0.25,0.5,0,0.45,0.22,0
931,0.54,0.55,0.56,0.14,0.5,0,0.5,0.25,0
932,0.45,0.5,0.57,0.29,0.5,0,0.44,0.11,0
933,0.45,0.5,0.57,0.29,0.5,0,0.44,0.11,0
934,0.61,0.38,0.57,0.36,0.5,0,0.44,0.21,0
935,0.61,0.38,0.57,0.36,0.5,0,0.44,0.21,0
936,0.43,0.33,0.54,0.37,0.5,0,0.38,0.16,0
937,0.43,0.33,0.54,0.37,0.5,0,0.38,0.16,0
938,0.51,0.39,0.58,0.19,0.5,0,0.47,0.22,0
939,0.72,0.51,0.52,0.08,0.5,0,0.54,0.22,1
940,0.35,0.41,0.53,0.27,0.5,0,0.47,0.29,1
941,0.56,0.49,0.54,0.15,0.5,0,0.5,0.35,1
942,0.57,0.37,0.43,0.27,0.5,0,0.53,0.28,1
943,0.57,0.49,0.61,0.26,0.5,0,0.52,0.22,1
944,0.48,0.45,0.63,0.19,0.5,0,0.58,0.22,1
945,0.34,0.48,0.47,0.19,0.5,0,0.5,0.3,1
946,0.54,0.57,0.55,0.18,0.5,0,0.5,0.22,1
947,0.38,0.44,0.55,0.44,0.5,0,0.47,0.51,1
948,0.4,0.3,0.57,0.13,0.5,0,0.46,0.22,1
949,0.27,0.31,0.55,0.13,0.5,0,0.5,0.22,1
950,0.52,0.46,0.56,0.25,0.5,0,0.52,0.22,1
951,0.44,0.5,0.55,0.24,0.5,0,0.48,0.22,1
952,0.34,0.47,0.48,0.32,0.5,0,0.42,0.22,1
953,0.5,0.56,0.63,0.25,0.5,0,0.42,0.22,1
954,0.46,0.53,0.47,0.37,0.5,0,0.51,0.36,1
955,0.31,0.6,0.65,0.18,0.5,0,0.46,0.22,1
956,0.57,0.42,0.63,0.22,0.5,0,0.68,0.32,1
957,0.37,0.45,0.53,0.14,0.5,0,0.49,0.22,1
958,0.38,0.38,0.54,0.24,0.5,0,0.54,0.22,1
959,0.36,0.49,0.55,0.21,0.5,0,0.55,0.33,1
960,0.29,0.4,0.5,0.16,0.5,0,0.51,0.34,1
961,0.37,0.3,0.51,0.15,0.5,0,0.58,0.26,1
962,0.35,0.33,0.48,0.42,0.5,0,0.47,0.43,0
963,0.46,0.35,0.69,0.18,0.5,0,0.3,0.25,0
964,0.46,0.35,0.69,0.18,0.5,0,0.3,0.25,0
965,0.57,0.43,0.52,0.3,0.5,0,0.37,0.11,0
966,0.57,0.43,0.52,0.3,0.5,0,0.37,0.11,0
967,0.59,0.51,0.48,0.12,0.5,0,0.54,0.31,0
968,0.59,0.51,0.48,0.12,0.5,0,0.54,0.31,0
969,0.61,0.53,0.59,0.17,0.5,0,0.44,0.28,0
970,0.61,0.48,0.56,0.19,0.5,0,0.53,0.31,0
971,0.61,0.48,0.56,0.19,0.5,0,0.53,0.31,0
972,0.44,0.56,0.52,0.18,0.5,0,0.5,0.11,0
973,0.36,0.56,0.52,0.18,0.5,0,0.45,0.16,0
974,0.37,0.44,0.64,0.48,0.5,0,0.36,0.27,0
975,0.72,0.37,0.63,0.38,0.5,0,0.4,0.14,0
976,0.72,0.37,0.63,0.38,0.5,0,0.4,0.14,0
977,0.44,0.36,0.64,0.45,0.5,0,0.53,0.11,0
978,0.58,0.45,0.55,0.27,0.5,0,0.48,0.11,0
979,0.63,0.64,0.45,0.26,0.5,0,0.43,0.22,0
980,0.63,0.64,0.45,0.26,0.5,0,0.43,0.22,0
981,0.43,0.33,0.67,0.12,0.5,0,0.45,0.23,0
982,0.43,0.33,0.67,0.12,0.5,0,0.43,0.23,0
983,0.58,0.44,0.5,0.26,0.5,0,0.52,0.22,0
984,0.38,0.43,0.53,0.22,0.5,0,0.48,0.11,0
985,0.4,0.45,0.61,0.29,0.5,0,0.44,0.22,0
986,0.4,0.45,0.61,0.29,0.5,0,0.44,0.22,0
987,0.34,0.34,0.65,0.4,0.5,0,0.32,0.16,0
988,0.34,0.34,0.65,0.4,0.5,0,0.32,0.16,0
989,0.43,0.22,0.79,0.79,0.5,0,0.22,0,0
990,0.35,0.21,1,0.8,0.5,0,0.13,0.01,0
991,0.35,0.21,1,0.8,0.5,0,0.13,0.01,0
992,0.56,0.35,0.47,0.41,0.5,0,0.5,0.22,0
993,0.56,0.35,0.47,0.35,0.5,0,0.52,0.22,0
994,0.54,0.44,0.55,0.48,0.5,0,0.47,0.22,0
995,0.35,0.39,0.56,0.2,0.5,0,0.49,0.41,0
996,0.48,0.46,0.58,0.16,0.5,0,0.45,0.22,0
997,0.48,0.55,0.48,0.1,0.5,0,0.55,0.22,0
998,0.66,0.6,0.52,0.19,0.5,0,0.69,0.22,0
999,0.69,0.54,0.55,0.23,0.5,0,0.73,0.22,0
1000,0.73,0.6,0.47,0.2,0.5,0,0.72,0.22,0
1001,0.78,0.82,0.56,0.21,0.5,0,0.69,0.22,0
1002,0.42,0.49,0.49,0.36,0.5,0,0.57,0.26,0
1003,0.44,0.62,0.53,0.27,0.5,0,0.49,0.22,1
1004,0.56,0.61,0.52,0.19,0.5,0,0.52,0.32,1
1005,0.47,0.56,0.46,0.5,0.5,0,0.51,0.22,0
1006,0.46,0.33,0.45,0.22,0.5,0,0.41,0.37,0
1007,0.52,0.43,0.61,0.22,0.5,0,0.45,0.22,0
1008,0.52,0.43,0.61,0.22,0.5,0,0.45,0.22,0
1009,0.32,0.44,0.54,0.21,0.5,0,0.4,0.19,0
1010,0.32,0.44,0.54,0.21,0.5,0,0.4,0.19,0
1011,0.48,0.41,0.52,0.33,0.5,0,0.51,0.26,0
1012,0.46,0.39,0.54,0.22,0.5,0,0.48,0.25,0
1013,0.46,0.39,0.54,0.22,0.5,0,0.48,0.25,0
1014,0.42,0.5,0.64,0.13,0.5,0,0.49,0.22,0
1015,0.46,0.54,0.59,0.41,0.5,0,0.53,0.21,0
1016,0.46,0.54,0.59,0.41,0.5,0,0.53,0.21,0
1017,0.39,0.65,0.57,0.19,0.5,0,0.44,0.25,0
1018,0.39,0.65,0.57,0.19,0.5,0,0.43,0.25,0
1019,0.38,0.5,0.52,0.44,0.5,0,0.54,0.11,0
1020,0.38,0.5,0.52,0.44,0.5,0,0.54,0.11,0
1021,0.51,0.52,0.58,0.17,0.5,0,0.47,0.28,0
1022,0.57,0.48,0.54,0.22,0.5,0,0.5,0.11,0
1023,0.5,0.5,0.62,0.23,0.5,0,0.35,0.11,0
1024,0.41,0.49,0.65,0.28,0.5,0,0.59,0.57,0
1025,0.53,0.57,0.6,0.36,0.5,0,0.5,0.22,0
1026,0.53,0.57,0.6,0.36,0.5,0,0.5,0.22,0
1027,0.37,0.3,0.62,0.43,0.5,0,0.44,0.39,0
1028,0.37,0.3,0.62,0.43,0.5,0,0.44,0.39,0
1029,0.6,0.57,0.52,0.14,0.5,0,0.46,0.48,1
1030,0.42,0.38,0.52,0.29,0.5,0,0.42,0.22,1
1031,0.41,0.46,0.58,0.08,0.5,0,0.51,0.28,1
1032,0.49,0.4,0.58,0.23,0.5,0,0.47,0.27,0
1033,0.37,0.37,0.51,0.38,0.5,0,0.44,0.22,0
1034,0.57,0.5,0.4,0.08,0.5,0,0.47,0.22,0
1035,0.51,0.4,0.5,0.28,0.5,0,0.48,0.27,0
1036,0.34,0.25,0.55,0.28,0.5,0,0.51,0.49,0
1037,0.77,0.86,0.44,0.27,0.5,0,0.48,0.22,0
1038,0.59,0.54,0.53,0.14,0.5,0,0.48,0.22,0
1039,0.5,0.48,0.48,0.23,0.5,0,0.53,0.68,0
1040,0.39,1,0.38,0.41,0.5,0,0.5,0.27,0
1041,0.56,0.42,0.52,0.14,0.5,0,0.51,0.22,0
1042,0.39,0.46,0.33,0.18,0.5,0,0.53,0.22,0
1043,0.52,0.54,0.47,0.49,0.5,0,0.54,0.22,0
1044,0.46,0.49,0.55,0.18,0.5,0,0.56,0.22,1
1045,0.56,0.65,0.49,0.56,0.5,0,0.49,0.22,0
1046,0.53,0.51,0.55,0.57,0.5,0,0.46,0.22,0
1047,0.54,0.64,0.4,0.56,0.5,0,0.51,0.22,0
1048,0.47,0.58,0.47,0.52,0.5,0,0.54,0.22,0
1049,0.46,0.42,0.51,0.16,0.5,0,0.56,0.22,0
1050,0.6,0.51,0.49,0.18,0.5,0,0.53,0.38,0
1051,0.85,0.66,0.49,0.18,0.5,0,0.51,0.22,0
1052,0.55,0.52,0.44,0.2,0.5,0,0.56,0.22,0
1053,0.49,0.38,0.56,0.09,0.5,0,0.46,0.22,0
1054,0.38,0.4,0.53,0.12,0.5,0,0.55,0.22,0
1055,0.55,0.55,0.52,0.13,0.5,0,0.53,0.25,0
1056,0.46,0.44,0.58,0.17,0.5,0,0.55,0.22,0
1057,0.34,0.46,0.52,0.19,0.5,0,0.53,0.26,0
1058,0.58,0.56,0.46,0.14,0.5,0,0.51,0.22,0
1059,0.46,0.47,0.44,0.18,1,0,0.46,0.22,0
1060,0.44,0.71,0.5,0.21,0.5,0,0.54,0.27,0
1061,0.56,0.49,0.32,0.22,0.5,0,0.5,0.22,0
1062,0.41,0.49,0.47,0.09,0.5,0,0.49,0.22,0
1063,0.44,0.51,0.53,0.3,0.5,0,0.53,0.22,0
1064,0.54,0.51,0.56,0.15,0.5,0,0.54,0.31,0
1065,0.51,0.51,0.32,0.27,0.5,0,0.54,0.22,0
1066,0.46,0.38,0.51,0.2,0.5,0,0.51,0.22,0
1067,0.55,0.72,0.35,0.26,0.5,0,0.49,0.22,0
1068,0.54,0.44,0.35,0.19,0.5,0,0.51,0.27,0
1069,0.65,0.66,0.37,0.12,0.5,0,0.52,0.27,0
1070,0.41,0.4,0.56,0.17,0.5,0,0.56,0.22,0
1071,0.39,0.71,0.38,0.14,0.5,0,0.5,0.22,0
1072,0.37,0.42,0.46,0.15,0.5,0,0.51,0.31,0
1073,0.59,0.55,0.57,0.18,0.5,0,0.51,0.22,0
1074,0.48,0.51,0.5,0.24,0.5,0,0.54,0.38,0
1075,0.39,0.3,0.63,0.2,0.5,0,0.43,0.47,0
1076,0.47,0.52,0.54,0.25,0.5,0,0.54,0.29,0
1077,0.77,0.82,0.4,0.36,0.5,0,0.38,0.22,0
1078,0.52,0.55,0.39,0.09,1,0,0.55,0.25,0
1079,0.42,0.28,0.33,0.23,0.5,0,0.39,0.26,0
1080,0.47,0.37,0.46,0.28,0.5,0,0.52,0.99,1
1081,0.48,0.5,0.47,0.29,0.5,0,0.46,0.27,1
1082,0.3,0.33,0.55,0.12,0.5,0,0.53,0.38,0
1083,0.49,0.49,0.52,0.18,0.5,0,0.51,0.25,1
1084,0.54,0.59,0.57,0.34,0.5,0,0.49,0.22,1
1085,0.7,0.78,0.53,0.24,0.5,0,0.48,0.22,0
1086,0.85,0.69,0.34,0.31,0.5,0,0.57,0.3,0
1087,0.56,0.59,0.45,0.15,0.5,0,0.54,0.22,0
1088,0.47,0.56,0.53,0.44,0.5,0,0.53,0.22,0
1089,0.53,0.49,0.47,0.21,0.5,0,0.53,0.22,0
1090,0.7,0.57,0.34,0.19,0.5,0,0.53,0.27,0
1091,0.42,0.43,0.67,0.7,0.5,0,0.42,0.25,0
1092,0.47,0.44,0.53,0.18,0.5,0,0.47,0.29,1
1093,0.4,0.49,0.53,0.23,0.5,0,0.44,0.26,1
1094,0.45,0.65,0.51,0.17,0.5,0,0.49,0.22,1
1095,0.42,0.42,0.55,0.31,0.5,0,0.43,0.22,1
1096,0.45,0.41,0.53,0.49,0.5,0,0.49,0.31,1
1097,0.42,0.28,0.49,0.22,0.5,0,0.55,0.34,1
1098,0.47,0.5,0.47,0.22,0.5,0,0.53,0.45,1
1099,0.33,0.42,0.55,0.23,0.5,0,0.52,0.43,1
1100,0.56,0.55,0.57,0.15,0.5,0,0.54,0.25,0
1101,0.37,0.47,0.49,0.12,0.5,0,0.47,0.31,1
1102,0.32,0.6,0.48,0.13,0.5,0,0.53,0.22,1
1103,0.38,0.42,0.31,0.35,0.5,0,0.52,0.22,0
1104,0.46,0.56,0.56,0.25,0.5,0,0.43,0.22,1
1105,0.47,0.55,0.57,0.17,0.5,0,0.52,0.66,1
1106,0.37,0.55,0.52,0.13,0.5,0,0.42,0.8,0
1107,0.46,0.48,0.38,0.22,0.5,0,0.39,0.45,0
1108,0.8,0.69,0.53,0.33,0.5,0,0.51,0.22,0
1109,0.52,0.65,0.36,0.37,0.5,0,0.52,0.34,0
1110,0.19,0.16,0.68,0.36,0.5,0,0.49,0.21,1
1111,0.64,0.31,0.53,0.15,0.5,0,0.53,0.31,0
1112,0.4,0.43,0.36,0.33,0.5,0,0.51,0.22,0
1113,0.47,0.56,0.51,0.2,0.5,0,0.52,0.59,1
1114,0.4,0.75,0.44,0.12,0.5,0,0.49,0.22,1
1115,0.48,0.55,0.58,0.18,0.5,0,0.38,0.69,1
1116,0.57,0.51,0.34,0.13,0.5,0,0.53,0.27,0
1117,0.23,0.37,0.32,0.13,0.5,0,0.53,0.22,0
1118,0.54,0.5,0.51,0.26,0.5,0,0.52,0.22,0
1119,0.6,0.64,0.56,0.36,0.5,0,0.46,0.27,0
1120,0.27,0.41,0.24,0.2,0.5,0,0.49,0.22,0
1121,0.25,0.35,0.22,0.18,0.5,0,0.46,0.22,0
1122,0.39,0.45,0.51,0.29,0.5,0,0.54,0.22,0
1123,0.33,0.47,0.55,0.24,0.5,0,0.45,0.67,1
1124,0.37,0.4,0.38,0.18,0.5,0,0.51,0.22,0
1125,0.43,0.47,0.47,0.18,0.5,0,0.47,0.22,0
1126,0.66,0.43,0.57,0.6,0.5,0,0.19,0.33,1
1127,0.55,0.4,0.62,0.22,0.5,0,0.37,0.28,1
1128,0.33,0.46,0.6,0.18,0.5,0,0.51,0.26,1
1129,0.51,0.5,0.54,0.11,0.5,0,0.6,0.22,1
1130,0.54,0.6,0.57,0.17,0.5,0,0.44,0.22,1
1131,0.45,0.57,0.38,0.28,0.5,0,0.53,0.31,0
1132,0.55,0.57,0.51,0.07,0.5,0,0.55,0.22,0
1133,0.54,0.47,0.58,0.4,0.5,0,0.46,0.27,0
1134,0.36,0.32,0.55,0.27,0.5,0,0.47,0.43,1
1135,0.46,0.41,0.45,0.23,0.5,0,0.48,0.22,1
1136,0.4,0.39,0.6,0.23,0.5,0,0.52,0.31,1
1137,0.52,0.47,0.58,0.18,0.5,0,0.34,0.11,0
1138,0.52,0.47,0.58,0.18,0.5,0,0.34,0.11,0
1139,0.5,0.45,0.51,0.19,0.5,0,0.53,0.25,0
1140,0.57,0.55,0.51,0.18,0.5,0,0.51,0.43,1
1141,0.44,0.43,0.46,0.28,0.5,0,0.45,0.29,1
1142,0.46,0.5,0.5,0.28,0.5,0,0.5,0.37,1
1143,0.66,0.65,0.54,0.4,0.5,0,0.51,0.22,0
1144,0.77,0.73,0.49,0.46,0.5,0,0.38,0.22,0
1145,0.38,0.58,0.46,0.21,0.5,0,0.52,0.22,1
1146,0.32,0.68,0.51,0.16,0.5,0.83,0.55,0.22,0
1147,0.27,0.46,0.52,0.17,0.5,0,0.49,0.44,1
1148,0.52,0.45,0.45,0.13,0.5,0,0.48,0.22,1
1149,0.37,0.29,0.45,0.15,0.5,0,0.49,0.22,1
1150,0.37,0.48,0.67,0.37,0.5,0,0.56,0.62,1
1151,0.44,0.59,0.54,0.18,0.5,0,0.49,0.22,1
1152,0.48,0.65,0.36,0.24,0.5,0,0.54,0.31,1
1153,0.59,0.49,0.45,0.22,0.5,0,0.45,0.31,1
1154,0.73,0.52,0.59,0.25,0.5,0,0.51,0.22,1
1155,0.5,0.43,0.5,0.17,0.5,0,0.46,0.47,1
1156,0.23,0.13,0.51,0.16,0.5,0,0.53,0.51,1
1157,0.49,0.6,0.54,0.35,0.5,0,0.53,0.46,1
1158,0.52,0.31,0.56,0.16,0.5,0,0.55,0.22,1
1159,0.49,0.48,0.51,0.21,0.5,0,0.53,0.22,1
1160,0.49,0.6,0.42,0.18,0.5,0,0.58,0.28,1
1161,0.6,0.62,0.54,0.11,0.5,0,0.51,0.22,1
1162,0.55,0.47,0.53,0.2,0.5,0,0.4,0.22,1
1163,0.47,0.32,0.51,0.24,0.5,0,0.54,0.27,1
1164,0.53,0.25,0.59,0.27,0.5,0,0.45,0.26,1
1165,0.31,0.5,0.54,0.32,0.5,0,0.53,0.31,1
1166,0.25,0.33,0.48,0.18,0.5,0,0.42,0.33,1
1167,0.55,0.46,0.47,0.15,0.5,0,0.47,0.22,0
1168,0.61,0.5,0.61,0.21,0.5,0,0.55,0.54,0
1169,0.5,0.52,0.51,0.22,0.5,0,0.46,0.37,0
1170,0.62,0.33,0.49,0.24,0.5,0,0.51,0.42,0
1171,0.56,0.52,0.46,0.17,0.5,0,0.49,0.73,0
1172,0.52,0.56,0.55,0.16,0.5,0,0.53,0.39,0
1173,0.53,0.48,0.51,0.18,0.5,0,0.52,0.27,0
1174,0.51,0.48,0.51,0.19,0.5,0,0.51,0.27,0
1175,0.51,0.48,0.51,0.26,0.5,0,0.51,0.27,0
1176,0.53,0.48,0.51,0.18,0.5,0,0.51,0.27,0
1177,0.6,0.46,0.51,0.1,0.5,0,0.48,0.31,0
1178,0.6,0.46,0.51,0.1,0.5,0,0.48,0.31,0
1179,0.44,0.39,0.63,0.11,0.5,0,0.49,0.26,1
1180,0.51,0.5,0.49,0.45,0.5,0,0.48,0.22,0
1181,0.45,0.45,0.51,0.3,0.5,0,0.48,0.44,0
1182,0.38,0.42,0.47,0.12,0.5,0,0.47,0.53,1
1183,0.19,0.66,0.6,0.14,0.5,0,0.2,0.25,1
1184,0.41,0.42,0.23,0.16,0.5,0,0.4,0.22,0
1185,0.25,0.42,0.21,0.14,0.5,0,0.41,0.22,0
1186,0.7,0.58,0.53,0.39,0.5,0,0.59,0.22,0
1187,0.49,0.31,0.43,0.24,0.5,0,0.54,0.22,0
1188,0.46,0.41,0.43,0.18,0.5,0,0.54,0.22,0
1189,0.83,0.81,0.45,0.38,0.5,0,0.4,0.26,0
1190,0.38,0.51,0.56,0.21,0.5,0,0.48,0.31,1
1191,0.32,0.36,0.28,0.38,0.5,0,0.5,0.4,0
1192,0.4,0.65,0.38,0.17,0.5,0,0.57,0.22,0
1193,0.36,0.37,0.63,0.25,0.5,0,0.3,0.22,0
1194,0.49,0.55,0.41,0.19,0.5,0,0.48,0.31,0
1195,0.3,0.45,0.55,0.19,0.5,0,0.53,0.4,0
1196,0.88,0.72,0.32,0.3,0.5,0,0.52,0.33,0
1197,0.44,0.4,0.53,0.19,0.5,0,0.48,0.27,0
1198,0.45,0.57,0.52,0.21,0.5,0,0.54,0.38,1
1199,0.46,0.61,0.38,0.35,0.5,0,0.49,0.22,0
1200,0.55,0.41,0.67,0.61,0.5,0,0.49,0.14,0
1201,0.28,0.18,0.72,0.26,0.5,0,0.49,0.25,0
1202,0.66,0.65,0.53,0.17,0.5,0,0.47,0.66,1
1203,0.36,0.5,0.39,0.23,0.5,0,0.5,0.22,0
1204,0.48,0.54,0.56,0.29,0.5,0,0.51,0.43,1
1205,0.33,0.37,0.49,0.22,0.5,0,0.55,0.22,0
1206,0.58,0.43,0.32,0.11,0.5,0,0.49,0.22,0
1207,0.58,0.64,0.42,0.3,0.5,0,0.54,0.22,1
1208,0.74,0.82,0.46,0.24,0.5,0,0.5,0.31,0
1209,0.74,0.82,0.46,0.24,0.5,0,0.48,0.22,0
1210,0.75,0.76,0.58,0.22,0.5,0,0.49,0.22,0
1211,0.58,0.37,0.58,0.16,0.5,0,0.51,0.22,1
1212,0.39,0.39,0.65,0.16,0.5,0,0.45,0.22,0
1213,0.51,0.59,0.55,0.21,0.5,0,0.52,0.22,0
1214,0.41,0.35,0.6,0.22,0.5,0,0.56,0.79,0
1215,0.43,0.28,0.41,0.32,0.5,0,0.52,0.22,0
1216,0.41,0.49,0.55,0.13,0.5,0,0.55,0.22,0
1217,0.23,0.29,0.46,0,0.5,0,0.43,0.31,0
1218,0.25,0.48,0.45,0.32,0.5,0,0.4,0.22,0
1219,0.38,0.34,0.55,0.44,0.5,0,0.48,0.26,0
1220,0.61,0.54,0.54,0.38,0.5,0,0.54,0.29,0
1221,0.48,0.17,0.37,0.33,0.5,0,0.44,0.36,1
1222,0.47,0.47,0.5,0.19,0.5,0,0.51,0.26,1
1223,0.55,0.38,0.52,0.16,0.5,0,0.49,0.64,1
1224,0.41,0.39,0.61,0.17,0.5,0,0.5,0.61,1
1225,0.41,0.56,0.53,0.16,0.5,0,0.55,0.26,1
1226,0.78,0.73,0.27,0.28,0.5,0,0.56,0.22,0
1227,0.31,0.51,0.38,0.18,0.5,0,0.46,0.31,0
1228,0.63,0.64,0.49,0.2,0.5,0,0.52,0.25,0
1229,0.31,0.4,0.31,0.17,0.5,0,0.52,0.22,0
1230,0.44,0.65,0.49,0.16,0.5,0,0.48,0.31,1
1231,0.48,0.44,0.46,0.37,0.5,0,0.46,0.36,0
1232,0.5,0.49,0.46,0.22,0.5,0,0.53,0.25,0
1233,0.62,0.42,0.47,0.16,0.5,0,0.52,0.22,0
1234,0.5,0.45,0.52,0.18,0.5,0,0.52,0.22,0
1235,0.59,0.51,0.47,0.21,0.5,0,0.47,0.22,0
1236,0.39,0.47,0.49,0.2,0.5,0,0.53,0.26,0
1237,0.49,0.48,0.52,0.24,0.5,0,0.5,0.22,0
1238,0.59,0.48,0.49,0.42,0.5,0,0.52,0.22,0
1239,0.57,0.35,0.5,0.43,0.5,0,0.53,0.22,0
1240,0.61,0.52,0.5,0.44,0.5,0,0.53,0.22,0
1241,0.49,0.51,0.52,0.13,0.5,0,0.51,0.33,1
1242,0.45,0.4,0.56,0.15,0.5,0,0.52,0.22,1
1243,0.63,0.43,0.48,0.11,0.5,0,0.51,0.22,0
1244,0.63,0.43,0.48,0.11,0.5,0,0.51,0.22,0
1245,0.52,0.45,0.53,0.34,0.5,0,0.52,0.44,0
1246,0.54,0.48,0.55,0.33,0.5,0,0.55,0.4,0
1247,0.55,0.79,0.45,0.25,0.5,0,0.51,0.22,1
1248,0.58,0.51,0.63,0.2,0.5,0,0.5,0.42,1
1249,0.63,0.58,0.57,0.1,0.5,0,0.52,0.33,1
1250,0.54,0.67,0.56,0.15,0.5,0,0.57,0.33,1
1251,0.41,0.59,0.65,0.14,0.5,0,0.49,0.33,1
1252,0.47,0.38,0.5,0.15,0.5,0,0.49,0.47,1
1253,0.33,0.17,0.52,0.13,0.5,0,0.51,0.75,1
1254,0.42,0.5,0.59,0.17,0.5,0,0.51,0.22,0
1255,0.54,0.55,0.55,0.4,0.5,0,0.53,0.22,0
1256,0.31,0.31,0.57,0.15,0.5,0,0.5,0.22,0
1257,0.38,0.42,0.5,0.19,0.5,0,0.44,0.22,0
1258,0.33,0.36,0.62,0.26,0.5,0,0.55,0.22,0
1259,0.38,0.42,0.5,0.19,0.5,0,0.44,0.22,0
1260,0.47,0.56,0.58,0.19,0.5,0,0.44,0.64,0
1261,0.32,0.32,0.52,0.18,0.5,0,0.48,0.34,0
1262,0.28,0.27,0.5,0.14,0.5,0,0.5,0.28,0
1263,0.41,0.46,0.57,0.25,0.5,0,0.57,0.38,0
1264,0.44,0.54,0.51,0.16,0.5,0,0.58,0.22,0
1265,0.44,0.55,0.51,0.16,0.5,0,0.6,0.22,0
1266,0.77,0.7,0.44,0.29,0.5,0,0.56,0.22,0
1267,0.4,0.56,0.53,0.15,0.5,0,0.49,0.22,0
1268,0.79,0.79,0.42,0.26,0.5,0,0.6,0.22,0
1269,0.8,0.83,0.43,0.24,0.5,0,0.54,0.22,0
1270,0.58,0.55,0.51,0.13,0.5,0,0.52,0.22,0
1271,0.55,0.69,0.51,0.12,0.5,0,0.51,0.22,0
1272,0.47,0.46,0.53,0.12,0.5,0,0.51,0.25,1
1273,0.57,0.29,0.63,0.22,0.5,0,0.49,0.27,1
1274,0.52,0.49,0.59,0.21,0.5,0,0.47,0.22,1
1275,0.41,0.42,0.53,0.17,0.5,0,0.48,0.58,1
1276,0.45,0.36,0.5,0.19,0.5,0,0.53,0.7,1
1277,0.53,0.51,0.54,0.21,0.5,0,0.45,0.22,1
1278,0.49,0.5,0.42,0.43,0.5,0,0.5,0.36,0
1279,0.44,0.49,0.49,0.27,0.5,0,0.52,0.22,0
1280,0.25,0.26,0.53,0.17,0.5,0,0.45,0.22,0
1281,0.49,0.46,0.54,0.18,0.5,0,0.35,0.22,0
1282,0.42,0.37,0.54,0.17,0.5,0,0.51,0.22,0
1283,0.42,0.45,0.75,0.21,0.5,0,0.48,0.22,0
1284,0.39,0.45,0.75,0.17,0.5,0,0.51,0.22,0
1285,0.63,0.54,0.53,0.27,0.5,0,0.49,0.22,0
1286,0.54,0.43,0.48,0.27,0.5,0,0.44,0.41,0
1287,0.4,0.44,0.5,0.13,0.5,0,0.52,0.39,0
1288,0.55,0.39,0.39,0.47,0.5,0,0.5,0.83,0
1289,0.59,0.48,0.41,0.53,0.5,0,0.48,0.56,0
1290,0.49,0.38,0.49,0.15,0.5,0,0.53,0.25,1
1291,0.53,0.45,0.52,0.29,0.5,0,0.55,0.38,0
1292,0.62,0.6,0.54,0.22,0.5,0,0.54,0.27,0
1293,0.33,0.46,0.53,0.12,0.5,0,0.5,0.27,0
1294,0.57,0.36,0.51,0.25,0.5,0,0.54,0.25,0
1295,0.45,0.76,0.51,0.25,0.5,0,0.59,0.22,0
1296,0.48,0.44,0.51,0.24,0.5,0,0.49,0.22,0
1297,0.59,0.64,0.44,0.26,0.5,0,0.5,0.22,0
1298,0.79,0.56,0.53,0.19,0.5,0,0.47,0.35,0
1299,0.5,0.5,0.48,0.34,0.5,0,0.52,0.27,1
1300,0.79,0.62,0.35,0.35,0.5,0,0.6,0.28,0
1301,0.52,0.5,0.6,0.2,0.5,0,0.52,0.22,0
1302,0.59,0.46,0.57,0.17,0.5,0,0.52,0.22,0
1303,0.53,0.42,0.53,0.19,0.5,0,0.47,0.22,0
1304,0.59,0.46,0.55,0.17,0.5,0,0.52,0.25,0
1305,0.61,0.73,0.5,0.58,0.5,0,0.5,0.22,0
1306,0.5,0.43,0.56,0.17,0.5,0,0.35,0.22,1
1307,0.36,0.52,0.61,0.33,0.5,0,0.52,0.37,1
1308,0.66,0.54,0.53,0.17,0.5,0,0.54,0.22,0
1309,0.52,0.51,0.48,0.12,0.5,0,0.54,0.31,0
1310,0.56,0.46,0.51,0.25,0.5,0,0.54,0.22,0
1311,0.47,0.46,0.49,0.27,0.5,0,0.59,0.22,0
1312,0.5,0.46,0.49,0.27,0.5,0,0.6,0.22,0
1313,0.43,0.48,0.36,0.26,0.5,0,0.52,0.22,0
1314,0.5,0.44,0.57,0.28,0.5,0,0.57,0.22,0
1315,0.46,0.47,0.62,0.3,0.5,0,0.38,0.22,0
1316,0.59,0.7,0.46,0.19,0.5,0,0.54,0.44,0
1317,0.19,0.41,0.55,0.13,0.5,0,0.52,0.25,0
1318,0.27,0.43,0.5,0.13,0.5,0,0.54,0.31,0
1319,0.42,0.46,0.44,0.17,0.5,0,0.51,0.42,0
1320,0.49,0.36,0.47,0.28,0.5,0,0.56,0.54,1
1321,0.42,0.51,0.33,0.16,0.5,0,0.54,0.22,0
1322,0.34,0.42,0.48,0.19,0.5,0,0.46,0.31,1
1323,0.6,0.57,0.63,0.22,0.5,0,0.5,0.49,1
1324,0.53,0.44,0.54,0.52,0.5,0,0.49,0.38,1
1325,0.48,0.39,0.56,0.23,0.5,0,0.6,0.22,0
1326,0.56,0.49,0.47,0.13,0.5,0,0.52,0.22,1
1327,0.47,0.59,0.56,0.09,0.5,0,0.5,0.22,0
1328,0.4,0.28,0.58,0.44,0.5,0,0.41,0.22,0
1329,0.54,0.35,0.55,0.19,0.5,0,0.3,0.22,0
1330,0.5,0.47,0.45,0.14,0.5,0,0.53,0.32,0
1331,0.55,0.49,0.6,0.18,0.5,0,0.51,0.22,1
1332,0.55,0.44,0.5,0.09,0.5,0,0.55,0.22,0
1333,0.66,0.37,0.6,0.25,0.5,0,0.69,0.22,0
1334,0.51,0.49,0.48,0.55,0.5,0,0.52,0.58,0
1335,0.36,0.51,0.51,0.17,0.5,0,0.52,0.22,0
1336,0.68,0.68,0.35,0.16,0.5,0,0.62,0.22,0
1337,0.44,0.35,0.55,0.14,0.5,0,0.52,0.22,0
1338,0.73,0.59,0.35,0.15,0.5,0,0.54,0.22,0
1339,0.6,0.37,0.52,0.15,0.5,0,0.55,0.26,0
1340,0.64,0.61,0.56,0.15,0.5,0,0.54,0.22,0
1341,0.48,0.58,0.58,0.12,0.5,0,0.49,0.22,0
1342,0.65,0.58,0.53,0.21,0.5,0,0.51,0.22,0
1343,0.48,0.49,0.49,0.26,0.5,0,0.39,0.27,0
1344,0.57,0.54,0.32,0.15,0.5,0,0.52,0.25,0
1345,0.4,0.36,0.32,0.16,0.5,0,0.51,0.27,0
1346,0.5,0.55,0.52,0.16,0.5,0,0.51,0.31,0
1347,0.65,0.63,0.47,0.22,0.5,0,0.52,0.27,0
1348,0.41,0.48,0.51,0.2,0.5,0,0.51,0.22,0
1349,0.25,0.4,0.54,0.16,0.5,0,0.43,0.22,0
1350,0.63,0.56,0.52,0.21,0.5,0,0.5,0.22,0
1351,0.56,0.68,0.42,0.36,0.5,0,0.49,0.22,0
1352,0.57,0.47,0.48,0.17,0.5,0,0.52,0.26,0
1353,0.46,0.52,0.51,0.13,0.5,0,0.47,0.22,0
1354,0.5,0.4,0.57,0.17,0.5,0,0.59,0.22,0
1355,0.78,0.71,0.35,0.25,0.5,0,0.49,0.22,0
1356,0.64,0.56,0.52,0.17,0.5,0,0.54,0.47,1
1357,1,0.8,0.29,0.36,0.5,0,0.52,0.22,0
1358,0.51,0.39,0.56,0.55,0.5,0,0.46,0.64,0
1359,0.69,0.66,0.36,0.09,0.5,0,0.56,0.22,0
1360,0.4,0.45,0.45,0.15,0.5,0,0.53,0.48,1
1361,0.49,0.53,0.36,0.15,0.5,0,0.52,0.27,0
1362,0.39,0.63,0.41,0.27,0.5,0,0.49,0.22,0
1363,0.45,0.51,0.43,0.22,0.5,0,0.57,0.22,1
1364,0.77,0.78,0.27,0.37,0.5,0,0.49,0.22,0
1365,0.88,0.75,0.41,0.36,0.5,0,0.43,0.22,0
1366,0.49,0.49,0.4,0.2,0.5,0,0.48,0.26,0
1367,0.57,0.53,0.6,0.28,0.5,0,0.52,0.45,1
1368,0.53,0.52,0.49,0.27,0.5,0,0.51,0.22,0
1369,0.5,0.47,0.56,0.31,0.5,0,0.56,0.26,0
1370,0.71,0.79,0.41,0.38,0.5,0,0.54,0.22,0
1371,0.33,0.49,0.46,0.22,0.5,0,0.53,0.33,0
1372,0.47,0.41,0.46,0.18,0.5,0,0.53,0.22,0
1373,0.45,0.39,0.46,0.29,0.5,0,0.42,0.22,0
1374,0.59,0.56,0.5,0.48,0.5,0,0.46,0.22,0
1375,0.32,0.3,0.57,0.38,0.5,0,0.5,0.25,1
1376,0.26,0.3,0.37,0.15,0.5,0,0.53,0.25,0
1377,0.28,0.41,0.46,0.18,0.5,0,0.47,0.39,1
1378,0.45,0.5,0.43,0.16,0.5,0,0.52,0.28,0
1379,0.24,0.25,0.57,0.28,0.5,0,0.51,0.11,0
1380,0.46,0.61,0.55,0.29,0.5,0,0.49,0.22,0
1381,0.54,0.44,0.38,0.22,0.5,0,0.54,0.3,0
1382,0.22,0.53,0.36,0.22,0.5,0,0.54,0.31,0
1383,0.25,0.41,0.47,0.14,0.5,0,0.56,0.68,1
1384,0.43,0.41,0.37,0.18,0.5,0,0.54,0.31,0
1385,0.4,0.44,0.47,0.25,0.5,0,0.54,0.56,1
1386,0.46,0.59,0.38,0.12,0.5,0,0.5,0.22,0
1387,0.8,0.82,0.4,0.31,0.5,0,0.57,0.25,0
1388,0.29,0.39,0.46,0.36,0.5,0,0.51,0.22,1
1389,0.4,0.4,0.43,0.19,0.5,0.83,0.48,0.22,0
1390,0.57,0.52,0.46,0.2,0.5,0.83,0.52,0.41,0
1391,0.43,0.6,0.4,0.12,0.5,0,0.49,0.29,0
1392,0.56,0.71,0.47,0.21,0.5,0,0.52,0.22,0
1393,0.65,0.62,0.26,0.33,0.5,0,0.55,0.22,0
1394,0.77,0.7,0.37,0.12,0.5,0,0.49,0.26,0
1395,0.47,0.61,0.32,0.27,0.5,0,0.5,0.3,0
1396,0.71,0.51,0.49,0.23,0.5,0,0.3,0.32,0
1397,0.59,0.48,0.49,0.49,0.5,0,0.36,0.32,0
1398,0.58,0.63,0.52,0.7,0.5,0,0.46,0.22,0
1399,0.3,0.68,0.41,0.17,0.5,0,0.51,0.22,0
1400,0.74,0.73,0.32,0.2,0.5,0,0.55,0.22,0
1401,0.55,0.35,0.36,0.29,0.5,0,0.51,0.22,0
1402,0.35,0.32,0.31,0.16,0.5,0,0.56,0.22,0
1403,0.67,0.61,0.39,0.24,0.5,0,0.51,0.22,0
1404,0.69,0.57,0.39,0.19,0.5,0,0.48,0.39,0
1405,0.47,0.41,0.53,0.27,0.5,0,0.47,0.25,0
1406,0.39,0.56,0.34,0.18,0.5,0,0.49,0.22,0
1407,0.51,0.38,0.42,0.21,0.5,0,0.46,0.34,0
1408,0.32,0.45,0.39,0.14,0.5,0,0.45,0.22,0
1409,0.75,0.73,0.35,0.33,0.5,0,0.49,0.28,0
1410,0.54,0.54,0.56,0.18,0.5,0,0.46,0.29,1
1411,0.71,0.64,0.42,0.28,0.5,0,0.43,0.22,0
1412,0.28,0.48,0.36,0.16,0.5,0,0.53,0.22,0
1413,0.58,0.44,0.45,0.32,0.5,0,0.52,0.37,1
1414,0.52,0.65,0.36,0.26,0.5,0,0.44,0.22,0
1415,0.64,0.44,0.56,0.15,0.5,0,0.56,0.22,0
1416,0.48,0.58,0.47,0.17,0.5,0,0.53,0.74,0
1417,0.42,0.71,0.45,0.15,0.5,0,0.48,0.22,0
1418,0.38,0.37,0.36,0.14,0.5,0,0.54,0.22,0
1419,0.4,0.4,0.44,0.37,0.5,0,0.53,0.25,1
1420,0.38,0.56,0.38,0.16,0.5,0,0.53,0.22,0
1421,0.8,0.79,0.43,0.25,0.5,0,0.52,0.22,0
1422,0.63,0.65,0.42,0.18,0.5,0,0.54,0.27,0
1423,0.47,0.4,0.63,0.19,0.5,0,0.52,0.32,1
1424,0.83,0.94,0.32,0.21,0.5,0,0.51,0.22,0
1425,0.61,0.76,0.3,0.16,0.5,0,0.45,0.41,0
1426,0.33,0.38,0.47,0.14,0.5,0,0.51,0.47,1
1427,0.38,0.67,0.33,0.17,0.5,0,0.51,0.22,0
1428,0.39,0.33,0.33,0.23,0.5,0,0.47,0.22,0
1429,0.5,0.63,0.45,0.13,0.5,0,0.45,0.32,0
1430,0.2,0.6,0.5,0.29,0.5,0,0.51,0.22,0
1431,0.29,0.26,0.43,0.17,0.5,0,0.55,0.3,0
1432,0.51,0.46,0.41,0.36,0.5,0,0.49,0.22,0
1433,0.92,0.66,0.52,0.23,0.5,0,0.53,0.22,0
1434,0.49,0.56,0.37,0.2,0.5,0,0.53,0.22,0
1435,0.86,0.78,0.34,0.15,0.5,0,0.53,0.22,0
1436,0.38,0.44,0.57,0.14,0.5,0,0.53,0.52,1
1437,0.72,0.73,0.41,0.28,0.5,0,0.44,0.22,0
1438,0.8,0.73,0.47,0.19,0.5,0,0.49,0.22,0
1439,0.49,0.55,0.35,0.23,0.5,0,0.57,0.22,0
1440,0.63,0.71,0.44,0.53,0.5,0,0.52,0.22,0
1441,0.6,0.68,0.3,0.27,0.5,0,0.55,0.22,0
1442,0.4,0.43,0.49,0.17,0.5,0,0.51,0.36,1
1443,0.82,0.63,0.47,0.18,0.5,0,0.5,0.22,0
1444,0.77,0.68,0.35,0.19,0.5,0,0.53,0.43,0
1445,0.51,0.59,0.46,0.13,0.5,0,0.48,0.22,0
1446,0.52,0.46,0.34,0.2,0.5,0,0.51,0.25,0
1447,0.47,0.5,0.6,0.63,0.5,0,0.38,0.16,0
1448,0.34,0.24,0.51,0.15,0.5,0,0.54,0.4,1
1449,0.35,0.29,0.46,0.14,0.5,0,0.54,0.66,1
1450,0.58,0.67,0.49,0.16,0.5,0,0.47,0.28,0
1451,0.85,0.85,0.3,0.31,0.5,0,0.55,0.42,0
1452,0.36,0.48,0.61,0.26,0.5,0,0.5,0.16,1
1453,0.41,0.25,0.59,0.44,0.5,0,0.6,0.69,1
1454,0.3,0.37,0.4,0.45,0.5,0,0.48,0.41,0
1455,0.57,0.59,0.49,0.86,0.5,0,0.47,0.22,1
1456,0.38,0.4,0.39,0.19,0.5,0,0.46,0.62,1
1457,0.77,0.74,0.37,0.29,0.5,0,0.45,0.22,0
1458,0.47,0.38,0.58,0.19,0.5,0,0.57,0.22,0
1459,0.5,0.61,0.44,0.2,0.5,0,0.49,0.22,0
1460,0.41,0.45,0.46,0.23,0.5,0,0.5,0.7,0
1461,0.46,0.62,0.46,0.54,0.5,0,0.51,0.27,0
1462,0.74,0.75,0.45,0.44,0.5,0,0.52,0.22,0
1463,0.52,0.53,0.58,0.69,0.5,0,0.5,0.22,0
1464,0.41,0.47,0.5,0.14,0.5,0,0.53,0.37,1
1465,0.25,0.4,0.52,0.15,0.5,0,0.56,0.28,1
1466,0.58,0.56,0.38,0.39,0.5,0,0.54,0.57,1
1467,0.32,0.29,0.29,0.08,0.5,0,0.52,0.22,0
1468,0.38,0.48,0.57,0.3,0.5,0,0.41,0.11,0
1469,0.39,0.58,0.47,0.18,0.5,0,0.48,0.22,0
1470,0.38,0.47,0.47,0.18,0.5,0,0.44,0.26,0
1471,0.63,0.57,0.5,0.48,0.5,0,0.51,0.22,0
1472,0.51,0.45,0.62,0.25,0.5,0,0.59,0.22,0
1473,0.59,0.67,0.54,0.19,0.5,0,0.48,0.6,1
1474,0.6,0.61,0.54,0.11,0.5,0,0.46,0.22,0
1475,0.48,0.61,0.57,0.17,0.5,0,0.45,0.22,0
1476,0.71,0.5,0.5,0.18,0.5,0,0.46,0.22,0
1477,0.61,0.48,0.54,0.25,0.5,0,0.5,0.22,0
1478,0.38,0.32,0.64,0.41,0.5,0,0.44,0.11,0
1479,0.38,0.4,0.66,0.35,0.5,0,0.43,0.11,0
1480,0.81,0.62,0.43,0.17,0.5,0,0.53,0.22,0
1481,0.47,0.43,0.61,0.4,0.5,0,0.48,0.47,1
1482,0.67,0.57,0.36,0.19,0.5,0,0.56,0.22,0
1483,0.43,0.4,0.6,0.16,0.5,0,0.53,0.39,1
1484,0.65,0.54,0.54,0.13,0.5,0,0.53,0.22,0
